AND THIS IS A MASSIVE HEADLINE:1;and-this-is-a-massive-headline1;1513283822;;PHA+RG9uZWMgZWdldCBleCBtYWduYS4gSW50ZXJkdW0gZXQgbWFsZXN1YWRhIGZhbWVzIGFjIGFudGUgaXBzdW0gcHJpbWlzIGluIGZhdWNpYnVzLiBQZWxsZW50ZXNxdWUgdmVuZW5hdGlzIGRvbG9yIGltcGVyZGlldCBkb2xvciBtYXR0aXMgc2FnaXR0aXMuIFByYWVzZW50IHJ1dHJ1bSBzZW0gZGlhbSwgdml0YWUgZWdlc3RhcyBlbmltIGF1Y3RvciBzaXQgYW1ldC4gUGVsbGVudGVzcXVlIGxlbyBtYXVyaXMsIGNvbnNlY3RldHVyIGlkIGlwc3VtIHNpdCBhbWV0LCBmZXJnaWF0LiBQZWxsZW50ZXNxdWUgaW4gbWkgZXUgbWFzc2EgbGFjaW5pYSBtYWxlc3VhZGEgZXQgYSBlbGl0LiBEb25lYyB1cm5hIGV4LCBsYWNpbmlhIGluIHB1cnVzIGFjLCBwcmV0aXVtIHB1bHZpbmFyIG1hdXJpcy4gTnVuYyBsb3JlbSBtYXVyaXMsIGZyaW5naWxsYSBpbiBhbGlxdWFtIGF0LCBldWlzbW9kIGluIGxlY3R1cy4gUGVsbGVudGVzcXVlIGhhYml0YW50IG1vcmJpIHRyaXN0aXF1ZSBzZW5lY3R1cyBldCBuZXR1cyBldCBtYWxlc3VhZGEgZmFtZXMgYWMgdHVycGlzIGVnZXN0YXMuIEN1cmFiaXR1ciBzYXBpZW4gcmlzdXMsIGNvbW1vZG8gZWdldCB0dXJwaXMgYXQsIGVsZW1lbnR1bSBjb252YWxsaXMgZW5pbSB0dXJwaXMsIGxvcmVtIGlwc3VtIGRvbG9yIHNpdCBhbWV0IG51bGxhbS48L3A+DQo8cD5Mb3JlbSBpcHN1bSBkb2xvciBzaXQgYW1ldCwgY29uc2VjdGV0dXIgYWRpcGlzY2luZyBlbGl0LiBEdWlzIGRhcGlidXMgcnV0cnVtIGZhY2lsaXNpcy4gQ2xhc3MgYXB0ZW50IHRhY2l0aSBzb2Npb3NxdSBhZCBsaXRvcmEgdG9ycXVlbnQgcGVyIGNvbnViaWEgbm9zdHJhLCBwZXIgaW5jZXB0b3MgaGltZW5hZW9zLiBFdGlhbSB0cmlzdGlxdWUgbGliZXJvIGV1IG5pYmggcG9ydHRpdG9yIGZlcm1lbnR1bS4gTnVsbGFtIHZlbmVuYXRpcyBlcmF0IGlkIHZlaGljdWxhIHZpdmVycmEuIE51bmMgdWx0cmljZXMgZXJvcyB1dCB1bHRyaWNpZXMgY29uZGltZW50dW0uIE1hdXJpcyByaXN1cyBsYWN1cywgYmxhbmRpdCBzaXQgYW1ldCB2ZW5lbmF0aXMgbm9uLCBiaWJlbmR1bSB2aXRhZSBkb2xvci4gTnVuYyBsb3JlbSBtYXVyaXMsIGZyaW5naWxsYSBpbiBhbGlxdWFtIGF0LCBldWlzbW9kIGluIGxlY3R1cy4gUGVsbGVudGVzcXVlIGhhYml0YW50IG1vcmJpIHRyaXN0aXF1ZSBzZW5lY3R1cyBldCBuZXR1cyBldCBtYWxlc3VhZGEgZmFtZXMgYWMgdHVycGlzIGVnZXN0YXMuIEluIG5vbiBsb3JlbSBzaXQgYW1ldCBlbGl0IHBsYWNlcmF0IG1heGltdXMuIFBlbGxlbnRlc3F1ZSBhbGlxdWFtIG1heGltdXMgcmlzdXMuIERvbmVjIGVnZXQgZXggbWFnbmEuIEludGVyZHVtIGV0IG1hbGVzdWFkYSBmYW1lcyBhYyBhbnRlIGlwc3VtIHByaW1pcyBpbiBmYXVjaWJ1cy4gUGVsbGVudGVzcXVlIHZlbmVuYXRpcyBkb2xvciBpbXBlcmRpZXQgZG9sb3IgbWF0dGlzIHNhZ2l0dGlzLiBQcmFlc2VudCBydXRydW0gc2VtIGRpYW0sIHZpdGFlIGVnZXN0YXMgZW5pbSBhdWN0b3Igc2l0IGFtZXQuIFBlbGxlbnRlc3F1ZSBsZW8gbWF1cmlzLCBjb25zZWN0ZXR1ciBpZCBpcHN1bS48L3A+;PHA+QWVuZWFuIG9ybmFyZSB2ZWxpdCBsYWN1cyB2YXJpdXMgZW5pbSB1bGxhbWNvcnBlciBwcm9pbiBhbGlxdWFtJm5ic3A7ZmFjaWxpc2lzIGFudGUgc2VkIGV0aWFtIG1hZ25hIGludGVyZHVtIGNvbmd1ZS4gTG9yZW0gaXBzdW0gZG9sb3ImbmJzcDthbWV0IG51bGxhbSBzZWQgZXRpYW0gdmVyb2Vyb3MuPC9wPg==;cGljMDcuanBnLA==;;LCw=;;;;;;;;;;;;;;;;;;;
PRIMIS EGET IMPERDIET LOREM;primis-eget-imperdiet-lorem;1513283753;;PHA+RG9uZWMgZWdldCBleCBtYWduYS4gSW50ZXJkdW0gZXQgbWFsZXN1YWRhIGZhbWVzIGFjIGFudGUgaXBzdW0gcHJpbWlzIGluIGZhdWNpYnVzLiBQZWxsZW50ZXNxdWUgdmVuZW5hdGlzIGRvbG9yIGltcGVyZGlldCBkb2xvciBtYXR0aXMgc2FnaXR0aXMuIFByYWVzZW50IHJ1dHJ1bSBzZW0gZGlhbSwgdml0YWUgZWdlc3RhcyBlbmltIGF1Y3RvciBzaXQgYW1ldC4gUGVsbGVudGVzcXVlIGxlbyBtYXVyaXMsIGNvbnNlY3RldHVyIGlkIGlwc3VtIHNpdCBhbWV0LCBmZXJnaWF0LiBQZWxsZW50ZXNxdWUgaW4gbWkgZXUgbWFzc2EgbGFjaW5pYSBtYWxlc3VhZGEgZXQgYSBlbGl0LiBEb25lYyB1cm5hIGV4LCBsYWNpbmlhIGluIHB1cnVzIGFjLCBwcmV0aXVtIHB1bHZpbmFyIG1hdXJpcy4gTnVuYyBsb3JlbSBtYXVyaXMsIGZyaW5naWxsYSBpbiBhbGlxdWFtIGF0LCBldWlzbW9kIGluIGxlY3R1cy4gUGVsbGVudGVzcXVlIGhhYml0YW50IG1vcmJpIHRyaXN0aXF1ZSBzZW5lY3R1cyBldCBuZXR1cyBldCBtYWxlc3VhZGEgZmFtZXMgYWMgdHVycGlzIGVnZXN0YXMuIEN1cmFiaXR1ciBzYXBpZW4gcmlzdXMsIGNvbW1vZG8gZWdldCB0dXJwaXMgYXQsIGVsZW1lbnR1bSBjb252YWxsaXMgZW5pbSB0dXJwaXMsIGxvcmVtIGlwc3VtIGRvbG9yIHNpdCBhbWV0IG51bGxhbS48L3A+DQo8cD5Eb25lYyBlZ2V0IGV4IG1hZ25hLiBJbnRlcmR1bSBldCBtYWxlc3VhZGEgZmFtZXMgYWMgYW50ZSBpcHN1bSBwcmltaXMgaW4gZmF1Y2lidXMuIFBlbGxlbnRlc3F1ZSB2ZW5lbmF0aXMgZG9sb3IgaW1wZXJkaWV0IGRvbG9yIG1hdHRpcyBzYWdpdHRpcy4gUHJhZXNlbnQgcnV0cnVtIHNlbSBkaWFtLCB2aXRhZSBlZ2VzdGFzIGVuaW0gYXVjdG9yIHNpdCBhbWV0LiBQZWxsZW50ZXNxdWUgbGVvIG1hdXJpcywgY29uc2VjdGV0dXIgaWQgaXBzdW0gc2l0IGFtZXQsIGZlcmdpYXQuIFBlbGxlbnRlc3F1ZSBpbiBtaSBldSBtYXNzYSBsYWNpbmlhIG1hbGVzdWFkYSBldCBhIGVsaXQuIERvbmVjIHVybmEgZXgsIGxhY2luaWEgaW4gcHVydXMgYWMsIHByZXRpdW0gcHVsdmluYXIgbWF1cmlzLiBOdW5jIGxvcmVtIG1hdXJpcywgZnJpbmdpbGxhIGluIGFsaXF1YW0gYXQsIGV1aXNtb2QgaW4gbGVjdHVzLiBQZWxsZW50ZXNxdWUgaGFiaXRhbnQgbW9yYmkgdHJpc3RpcXVlIHNlbmVjdHVzIGV0IG5ldHVzIGV0IG1hbGVzdWFkYSBmYW1lcyBhYyB0dXJwaXMgZWdlc3Rhcy4gQ3VyYWJpdHVyIHNhcGllbiByaXN1cywgY29tbW9kbyBlZ2V0IHR1cnBpcyBhdCwgZWxlbWVudHVtIGNvbnZhbGxpcyBlbmltIHR1cnBpcywgbG9yZW0gaXBzdW0gZG9sb3Igc2l0IGFtZXQgbnVsbGFtLjwvcD4=;PHA+RG9uZWMgZWdldCBleCBtYWduYS4gSW50ZXJkdW0gZXQgbWFsZXN1YWRhIGZhbWVzIGFjIGFudGUgaXBzdW0gcHJpbWlzIGluIGZhdWNpYnVzLiBQZWxsZW50ZXNxdWUgdmVuZW5hdGlzIGRvbG9yIGltcGVyZGlldCBkb2xvciBtYXR0aXMgc2FnaXR0aXMgbWFnbmEgZXRpYW0uPC9wPg0KPHA+Jm5ic3A7PC9wPg==;cGljMDEuanBn;;LCw=;;;;;;;;;;;;;;;;;;;;;;;;;;;;;;;;;;
ANTE MATTIS INTERDUM DOLOR;ante-mattis-interdum-dolor;1513283882;;;PHA+RG9uZWMgZWdldCBleCBtYWduYS4gSW50ZXJkdW0gZXQgbWFsZXN1YWRhIGZhbWVzIGFjIGFudGUgaXBzdW0gcHJpbWlzIGluIGZhdWNpYnVzLiBQZWxsZW50ZXNxdWUgdmVuZW5hdGlzIGRvbG9yIGltcGVyZGlldCBkb2xvciBtYXR0aXMgc2FnaXR0aXMgbWFnbmEgZXRpYW0uPC9wPg==;cGljMDIuanBn;;LCw=;;;;;;;;;;
ODIO MAGNA SED CONSECTETUR;odio-magna-sed-consectetur;1512926302;;PHA+RG9uZWMgZWdldCBleCBtYWduYS4gSW50ZXJkdW0gZXQgbWFsZXN1YWRhIGZhbWVzIGFjIGFudGUgaXBzdW0gcHJpbWlzIGluIGZhdWNpYnVzLiBQZWxsZW50ZXNxdWUgdmVuZW5hdGlzIGRvbG9yIGltcGVyZGlldCBkb2xvciBtYXR0aXMgc2FnaXR0aXMuIFByYWVzZW50IHJ1dHJ1bSBzZW0gZGlhbSwgdml0YWUgZWdlc3RhcyBlbmltIGF1Y3RvciBzaXQgYW1ldC4gUGVsbGVudGVzcXVlIGxlbyBtYXVyaXMsIGNvbnNlY3RldHVyIGlkIGlwc3VtIHNpdCBhbWV0LCBmZXJnaWF0LiBQZWxsZW50ZXNxdWUgaW4gbWkgZXUgbWFzc2EgbGFjaW5pYSBtYWxlc3VhZGEgZXQgYSBlbGl0LiBEb25lYyB1cm5hIGV4LCBsYWNpbmlhIGluIHB1cnVzIGFjLCBwcmV0aXVtIHB1bHZpbmFyIG1hdXJpcy4gTnVuYyBsb3JlbSBtYXVyaXMsIGZyaW5naWxsYSBpbiBhbGlxdWFtIGF0LCBldWlzbW9kIGluIGxlY3R1cy4gUGVsbGVudGVzcXVlIGhhYml0YW50IG1vcmJpIHRyaXN0aXF1ZSBzZW5lY3R1cyBldCBuZXR1cyBldCBtYWxlc3VhZGEgZmFtZXMgYWMgdHVycGlzIGVnZXN0YXMuIEN1cmFiaXR1ciBzYXBpZW4gcmlzdXMsIGNvbW1vZG8gZWdldCB0dXJwaXMgYXQsIGVsZW1lbnR1bSBjb252YWxsaXMgZW5pbSB0dXJwaXMsIGxvcmVtIGlwc3VtIGRvbG9yIHNpdCBhbWV0IG51bGxhbS5hPC9wPg0KPHA+TG9yZW0gaXBzdW0gZG9sb3Igc2l0IGFtZXQsIGNvbnNlY3RldHVyIGFkaXBpc2NpbmcgZWxpdC4gRHVpcyBkYXBpYnVzIHJ1dHJ1bSBmYWNpbGlzaXMuIENsYXNzIGFwdGVudCB0YWNpdGkgc29jaW9zcXUgYWQgbGl0b3JhIHRvcnF1ZW50IHBlciBjb251YmlhIG5vc3RyYSwgcGVyIGluY2VwdG9zIGhpbWVuYWVvcy4gRXRpYW0gdHJpc3RpcXVlIGxpYmVybyBldSBuaWJoIHBvcnR0aXRvciBmZXJtZW50dW0uIE51bGxhbSB2ZW5lbmF0aXMgZXJhdCBpZCB2ZWhpY3VsYSB2aXZlcnJhLiBOdW5jIHVsdHJpY2VzIGVyb3MgdXQgdWx0cmljaWVzIGNvbmRpbWVudHVtLiBNYXVyaXMgcmlzdXMgbGFjdXMsIGJsYW5kaXQgc2l0IGFtZXQgdmVuZW5hdGlzIG5vbiwgYmliZW5kdW0gdml0YWUgZG9sb3IuIE51bmMgbG9yZW0gbWF1cmlzLCBmcmluZ2lsbGEgaW4gYWxpcXVhbSBhdCwgZXVpc21vZCBpbiBsZWN0dXMuIFBlbGxlbnRlc3F1ZSBoYWJpdGFudCBtb3JiaSB0cmlzdGlxdWUgc2VuZWN0dXMgZXQgbmV0dXMgZXQgbWFsZXN1YWRhIGZhbWVzIGFjIHR1cnBpcyBlZ2VzdGFzLiBJbiBub24gbG9yZW0gc2l0IGFtZXQgZWxpdCBwbGFjZXJhdCBtYXhpbXVzLiBQZWxsZW50ZXNxdWUgYWxpcXVhbSBtYXhpbXVzIHJpc3VzLiBEb25lYyBlZ2V0IGV4IG1hZ25hLiBJbnRlcmR1bSBldCBtYWxlc3VhZGEgZmFtZXMgYWMgYW50ZSBpcHN1bSBwcmltaXMgaW4gZmF1Y2lidXMuIFBlbGxlbnRlc3F1ZSB2ZW5lbmF0aXMgZG9sb3IgaW1wZXJkaWV0IGRvbG9yIG1hdHRpcyBzYWdpdHRpcy4gUHJhZXNlbnQgcnV0cnVtIHNlbSBkaWFtLCB2aXRhZSBlZ2VzdGFzIGVuaW0gYXVjdG9yIHNpdCBhbWV0LiBQZWxsZW50ZXNxdWUgbGVvIG1hdXJpcywgY29uc2VjdGV0dXIgaWQgaXBzdW0uPC9wPg==;PHA+RG9uZWMgZWdldCBleCBtYWduYS4gSW50ZXJkdW0gZXQgbWFsZXN1YWRhIGZhbWVzIGFjIGFudGUgaXBzdW0gcHJpbWlzIGluIGZhdWNpYnVzLiBQZWxsZW50ZXNxdWUgdmVuZW5hdGlzIGRvbG9yIGltcGVyZGlldCBkb2xvciBtYXR0aXMgc2FnaXR0aXMgbWFnbmEgZXRpYW0uPC9wPg==;cGljMDUuanBnLCws;;;;;;;;;;;;;;;;;;;;;;;;;;;;;;;;;;;;;;;;;;;;;;;;;;;;;;;;;;;;;;;;;;;
AUGUE LOREM PRIMIS VESTIBULUM;augue-lorem-primis-vestibulum;1513283795;;PHA+RG9uZWMgZWdldCBleCBtYWduYS4gSW50ZXJkdW0gZXQgbWFsZXN1YWRhIGZhbWVzIGFjIGFudGUgaXBzdW0gcHJpbWlzIGluIGZhdWNpYnVzLiBQZWxsZW50ZXNxdWUgdmVuZW5hdGlzIGRvbG9yIGltcGVyZGlldCBkb2xvciBtYXR0aXMgc2FnaXR0aXMuIFByYWVzZW50IHJ1dHJ1bSBzZW0gZGlhbSwgdml0YWUgZWdlc3RhcyBlbmltIGF1Y3RvciBzaXQgYW1ldC4gUGVsbGVudGVzcXVlIGxlbyBtYXVyaXMsIGNvbnNlY3RldHVyIGlkIGlwc3VtIHNpdCBhbWV0LCBmZXJnaWF0LiBQZWxsZW50ZXNxdWUgaW4gbWkgZXUgbWFzc2EgbGFjaW5pYSBtYWxlc3VhZGEgZXQgYSBlbGl0LiBEb25lYyB1cm5hIGV4LCBsYWNpbmlhIGluIHB1cnVzIGFjLCBwcmV0aXVtIHB1bHZpbmFyIG1hdXJpcy4gTnVuYyBsb3JlbSBtYXVyaXMsIGZyaW5naWxsYSBpbiBhbGlxdWFtIGF0LCBldWlzbW9kIGluIGxlY3R1cy4gUGVsbGVudGVzcXVlIGhhYml0YW50IG1vcmJpIHRyaXN0aXF1ZSBzZW5lY3R1cyBldCBuZXR1cyBldCBtYWxlc3VhZGEgZmFtZXMgYWMgdHVycGlzIGVnZXN0YXMuIEN1cmFiaXR1ciBzYXBpZW4gcmlzdXMsIGNvbW1vZG8gZWdldCB0dXJwaXMgYXQsIGVsZW1lbnR1bSBjb252YWxsaXMgZW5pbSB0dXJwaXMsIGxvcmVtIGlwc3VtIGRvbG9yIHNpdCBhbWV0IG51bGxhbS5hPC9wPg0KPHA+TG9yZW0gaXBzdW0gZG9sb3Igc2l0IGFtZXQsIGNvbnNlY3RldHVyIGFkaXBpc2NpbmcgZWxpdC4gRHVpcyBkYXBpYnVzIHJ1dHJ1bSBmYWNpbGlzaXMuIENsYXNzIGFwdGVudCB0YWNpdGkgc29jaW9zcXUgYWQgbGl0b3JhIHRvcnF1ZW50IHBlciBjb251YmlhIG5vc3RyYSwgcGVyIGluY2VwdG9zIGhpbWVuYWVvcy4gRXRpYW0gdHJpc3RpcXVlIGxpYmVybyBldSBuaWJoIHBvcnR0aXRvciBmZXJtZW50dW0uIE51bGxhbSB2ZW5lbmF0aXMgZXJhdCBpZCB2ZWhpY3VsYSB2aXZlcnJhLiBOdW5jIHVsdHJpY2VzIGVyb3MgdXQgdWx0cmljaWVzIGNvbmRpbWVudHVtLiBNYXVyaXMgcmlzdXMgbGFjdXMsIGJsYW5kaXQgc2l0IGFtZXQgdmVuZW5hdGlzIG5vbiwgYmliZW5kdW0gdml0YWUgZG9sb3IuIE51bmMgbG9yZW0gbWF1cmlzLCBmcmluZ2lsbGEgaW4gYWxpcXVhbSBhdCwgZXVpc21vZCBpbiBsZWN0dXMuIFBlbGxlbnRlc3F1ZSBoYWJpdGFudCBtb3JiaSB0cmlzdGlxdWUgc2VuZWN0dXMgZXQgbmV0dXMgZXQgbWFsZXN1YWRhIGZhbWVzIGFjIHR1cnBpcyBlZ2VzdGFzLiBJbiBub24gbG9yZW0gc2l0IGFtZXQgZWxpdCBwbGFjZXJhdCBtYXhpbXVzLiBQZWxsZW50ZXNxdWUgYWxpcXVhbSBtYXhpbXVzIHJpc3VzLiBEb25lYyBlZ2V0IGV4IG1hZ25hLiBJbnRlcmR1bSBldCBtYWxlc3VhZGEgZmFtZXMgYWMgYW50ZSBpcHN1bSBwcmltaXMgaW4gZmF1Y2lidXMuIFBlbGxlbnRlc3F1ZSB2ZW5lbmF0aXMgZG9sb3IgaW1wZXJkaWV0IGRvbG9yIG1hdHRpcyBzYWdpdHRpcy4gUHJhZXNlbnQgcnV0cnVtIHNlbSBkaWFtLCB2aXRhZSBlZ2VzdGFzIGVuaW0gYXVjdG9yIHNpdCBhbWV0LiBQZWxsZW50ZXNxdWUgbGVvIG1hdXJpcywgY29uc2VjdGV0dXIgaWQgaXBzdW0uPC9wPg==;PHA+RG9uZWMgZWdldCBleCBtYWduYS4gSW50ZXJkdW0gZXQgbWFsZXN1YWRhIGZhbWVzIGFjIGFudGUgaXBzdW0gcHJpbWlzIGluIGZhdWNpYnVzLiBQZWxsZW50ZXNxdWUgdmVuZW5hdGlzIGRvbG9yIGltcGVyZGlldCBkb2xvciBtYXR0aXMgc2FnaXR0aXMgbWFnbmEgZXRpYW0uPC9wPg==;cGljMDQuanBn;;LCw=;;;;;;;;;;;;;;;;;;;;;;;;
TEMPUS SED NULLA IMPERDIET LETO;tempus-sed-nulla-imperdiet;1513443355;;PHA+RG9uZWMgZWdldCBleCBtYWduYS4gSW50ZXJkdW0gZXQgbWFsZXN1YWRhIGZhbWVzIGFjIGFudGUgaXBzdW0gcHJpbWlzIGluIGZhdWNpYnVzLiBQZWxsZW50ZXNxdWUgdmVuZW5hdGlzIGRvbG9yIGltcGVyZGlldCBkb2xvciBtYXR0aXMgc2FnaXR0aXMuIFByYWVzZW50IHJ1dHJ1bSBzZW0gZGlhbSwgdml0YWUgZWdlc3RhcyBlbmltIGF1Y3RvciBzaXQgYW1ldC4gUGVsbGVudGVzcXVlIGxlbyBtYXVyaXMsIGNvbnNlY3RldHVyIGlkIGlwc3VtIHNpdCBhbWV0LCBmZXJnaWF0LiBQZWxsZW50ZXNxdWUgaW4gbWkgZXUgbWFzc2EgbGFjaW5pYSBtYWxlc3VhZGEgZXQgYSBlbGl0LiBEb25lYyB1cm5hIGV4LCBsYWNpbmlhIGluIHB1cnVzIGFjLCBwcmV0aXVtIHB1bHZpbmFyIG1hdXJpcy4gTnVuYyBsb3JlbSBtYXVyaXMsIGZyaW5naWxsYSBpbiBhbGlxdWFtIGF0LCBldWlzbW9kIGluIGxlY3R1cy4gUGVsbGVudGVzcXVlIGhhYml0YW50IG1vcmJpIHRyaXN0aXF1ZSBzZW5lY3R1cyBldCBuZXR1cyBldCBtYWxlc3VhZGEgZmFtZXMgYWMgdHVycGlzIGVnZXN0YXMuIEN1cmFiaXR1ciBzYXBpZW4gcmlzdXMsIGNvbW1vZG8gZWdldCB0dXJwaXMgYXQsIGVsZW1lbnR1bSBjb252YWxsaXMgZW5pbSB0dXJwaXMsIGxvcmVtIGlwc3VtIGRvbG9yIHNpdCBhbWV0IG51bGxhbS5hPC9wPg0KPHA+TG9yZW0gaXBzdW0gZG9sb3Igc2l0IGFtZXQsIGNvbnNlY3RldHVyIGFkaXBpc2NpbmcgZWxpdC4gRHVpcyBkYXBpYnVzIHJ1dHJ1bSBmYWNpbGlzaXMuIENsYXNzIGFwdGVudCB0YWNpdGkgc29jaW9zcXUgYWQgbGl0b3JhIHRvcnF1ZW50IHBlciBjb251YmlhIG5vc3RyYSwgcGVyIGluY2VwdG9zIGhpbWVuYWVvcy4gRXRpYW0gdHJpc3RpcXVlIGxpYmVybyBldSBuaWJoIHBvcnR0aXRvciBmZXJtZW50dW0uIE51bGxhbSB2ZW5lbmF0aXMgZXJhdCBpZCB2ZWhpY3VsYSB2aXZlcnJhLiBOdW5jIHVsdHJpY2VzIGVyb3MgdXQgdWx0cmljaWVzIGNvbmRpbWVudHVtLiBNYXVyaXMgcmlzdXMgbGFjdXMsIGJsYW5kaXQgc2l0IGFtZXQgdmVuZW5hdGlzIG5vbiwgYmliZW5kdW0gdml0YWUgZG9sb3IuIE51bmMgbG9yZW0gbWF1cmlzLCBmcmluZ2lsbGEgaW4gYWxpcXVhbSBhdCwgZXVpc21vZCBpbiBsZWN0dXMuIFBlbGxlbnRlc3F1ZSBoYWJpdGFudCBtb3JiaSB0cmlzdGlxdWUgc2VuZWN0dXMgZXQgbmV0dXMgZXQgbWFsZXN1YWRhIGZhbWVzIGFjIHR1cnBpcyBlZ2VzdGFzLiBJbiBub24gbG9yZW0gc2l0IGFtZXQgZWxpdCBwbGFjZXJhdCBtYXhpbXVzLiBQZWxsZW50ZXNxdWUgYWxpcXVhbSBtYXhpbXVzIHJpc3VzLiBEb25lYyBlZ2V0IGV4IG1hZ25hLiBJbnRlcmR1bSBldCBtYWxlc3VhZGEgZmFtZXMgYWMgYW50ZSBpcHN1bSBwcmltaXMgaW4gZmF1Y2lidXMuIFBlbGxlbnRlc3F1ZSB2ZW5lbmF0aXMgZG9sb3IgaW1wZXJkaWV0IGRvbG9yIG1hdHRpcyBzYWdpdHRpcy4gUHJhZXNlbnQgcnV0cnVtIHNlbSBkaWFtLCB2aXRhZSBlZ2VzdGFzIGVuaW0gYXVjdG9yIHNpdCBhbWV0LiBQZWxsZW50ZXNxdWUgbGVvIG1hdXJpcywgY29uc2VjdGV0dXIgaWQgaXBzdW0uPC9wPg==;PHA+RG9uZWMgZWdldCBleCBtYWduYS4gSW50ZXJkdW0gZXQgbWFsZXN1YWRhIGZhbWVzIGFjIGFudGUgaXBzdW0gcHJpbWlzIGluIGZhdWNpYnVzLiBQZWxsZW50ZXNxdWUgdmVuZW5hdGlzIGRvbG9yIGltcGVyZGlldCBkb2xvciBtYXR0aXMgc2FnaXR0aXMgbWFnbmEgZXRpYW0uPC9wPg==;cGljMDYuanBnLA==;;LCw=;;;;;;;;;
PRIMIS EGET IMPERDIET LOREM;primis-eget-imperdiet-lorem2cz;1513443860;cz:primis-eget-imperdiet-lorem;PHA+RG9uZWMgZWdldCBleCBtYWduYS4gSW50ZXJkdW0gZXQgbWFsZXN1YWRhIGZhbWVzIGFjIGFudGUgaXBzdW0gcHJpbWlzIGluIGZhdWNpYnVzLiBQZWxsZW50ZXNxdWUgdmVuZW5hdGlzIGRvbG9yIGltcGVyZGlldCBkb2xvciBtYXR0aXMgc2FnaXR0aXMuIFByYWVzZW50IHJ1dHJ1bSBzZW0gZGlhbSwgdml0YWUgZWdlc3RhcyBlbmltIGF1Y3RvciBzaXQgYW1ldC4gUGVsbGVudGVzcXVlIGxlbyBtYXVyaXMsIGNvbnNlY3RldHVyIGlkIGlwc3VtIHNpdCBhbWV0LCBmZXJnaWF0LiBQZWxsZW50ZXNxdWUgaW4gbWkgZXUgbWFzc2EgbGFjaW5pYSBtYWxlc3VhZGEgZXQgYSBlbGl0LiBEb25lYyB1cm5hIGV4LCBsYWNpbmlhIGluIHB1cnVzIGFjLCBwcmV0aXVtIHB1bHZpbmFyIG1hdXJpcy4gTnVuYyBsb3JlbSBtYXVyaXMsIGZyaW5naWxsYSBpbiBhbGlxdWFtIGF0LCBldWlzbW9kIGluIGxlY3R1cy4gUGVsbGVudGVzcXVlIGhhYml0YW50IG1vcmJpIHRyaXN0aXF1ZSBzZW5lY3R1cyBldCBuZXR1cyBldCBtYWxlc3VhZGEgZmFtZXMgYWMgdHVycGlzIGVnZXN0YXMuIEN1cmFiaXR1ciBzYXBpZW4gcmlzdXMsIGNvbW1vZG8gZWdldCB0dXJwaXMgYXQsIGVsZW1lbnR1bSBjb252YWxsaXMgZW5pbSB0dXJwaXMsIGxvcmVtIGlwc3VtIGRvbG9yIHNpdCBhbWV0IG51bGxhbS48L3A+DQo8cD5Eb25lYyBlZ2V0IGV4IG1hZ25hLiBJbnRlcmR1bSBldCBtYWxlc3VhZGEgZmFtZXMgYWMgYW50ZSBpcHN1bSBwcmltaXMgaW4gZmF1Y2lidXMuIFBlbGxlbnRlc3F1ZSB2ZW5lbmF0aXMgZG9sb3IgaW1wZXJkaWV0IGRvbG9yIG1hdHRpcyBzYWdpdHRpcy4gUHJhZXNlbnQgcnV0cnVtIHNlbSBkaWFtLCB2aXRhZSBlZ2VzdGFzIGVuaW0gYXVjdG9yIHNpdCBhbWV0LiBQZWxsZW50ZXNxdWUgbGVvIG1hdXJpcywgY29uc2VjdGV0dXIgaWQgaXBzdW0gc2l0IGFtZXQsIGZlcmdpYXQuIFBlbGxlbnRlc3F1ZSBpbiBtaSBldSBtYXNzYSBsYWNpbmlhIG1hbGVzdWFkYSBldCBhIGVsaXQuIERvbmVjIHVybmEgZXgsIGxhY2luaWEgaW4gcHVydXMgYWMsIHByZXRpdW0gcHVsdmluYXIgbWF1cmlzLiBOdW5jIGxvcmVtIG1hdXJpcywgZnJpbmdpbGxhIGluIGFsaXF1YW0gYXQsIGV1aXNtb2QgaW4gbGVjdHVzLiBQZWxsZW50ZXNxdWUgaGFiaXRhbnQgbW9yYmkgdHJpc3RpcXVlIHNlbmVjdHVzIGV0IG5ldHVzIGV0IG1hbGVzdWFkYSBmYW1lcyBhYyB0dXJwaXMgZWdlc3Rhcy4gQ3VyYWJpdHVyIHNhcGllbiByaXN1cywgY29tbW9kbyBlZ2V0IHR1cnBpcyBhdCwgZWxlbWVudHVtIGNvbnZhbGxpcyBlbmltIHR1cnBpcywgbG9yZW0gaXBzdW0gZG9sb3Igc2l0IGFtZXQgbnVsbGFtLjwvcD4=;PHA+RG9uZWMgZWdldCBleCBtYWduYS4gSW50ZXJkdW0gZXQgbWFsZXN1YWRhIGZhbWVzIGFjIGFudGUgaXBzdW0gcHJpbWlzIGluIGZhdWNpYnVzLiBQZWxsZW50ZXNxdWUgdmVuZW5hdGlzIGRvbG9yIGltcGVyZGlldCBkb2xvciBtYXR0aXMgc2FnaXR0aXMgbWFnbmEgZXRpYW0uPC9wPg0KPHA+Jm5ic3A7PC9wPg==;cGljMDEuanBnLA==;;LCw=;;
ANTE MATTIS INTERDUM DOLOR;ante-mattis-interdum-dolorcz;1513443859;cz:ante-mattis-interdum-dolor;;PHA+RG9uZWMgZWdldCBleCBtYWduYS4gSW50ZXJkdW0gZXQgbWFsZXN1YWRhIGZhbWVzIGFjIGFudGUgaXBzdW0gcHJpbWlzIGluIGZhdWNpYnVzLiBQZWxsZW50ZXNxdWUgdmVuZW5hdGlzIGRvbG9yIGltcGVyZGlldCBkb2xvciBtYXR0aXMgc2FnaXR0aXMgbWFnbmEgZXRpYW0uPC9wPg==;cGljMDIuanBnLA==;;LCw=;;;
ODIO MAGNA SED CONSECTETUR;odio-magna-sed-consecteturcz;1513443858;cz:odio-magna-sed-consectetur;PHA+RG9uZWMgZWdldCBleCBtYWduYS4gSW50ZXJkdW0gZXQgbWFsZXN1YWRhIGZhbWVzIGFjIGFudGUgaXBzdW0gcHJpbWlzIGluIGZhdWNpYnVzLiBQZWxsZW50ZXNxdWUgdmVuZW5hdGlzIGRvbG9yIGltcGVyZGlldCBkb2xvciBtYXR0aXMgc2FnaXR0aXMuIFByYWVzZW50IHJ1dHJ1bSBzZW0gZGlhbSwgdml0YWUgZWdlc3RhcyBlbmltIGF1Y3RvciBzaXQgYW1ldC4gUGVsbGVudGVzcXVlIGxlbyBtYXVyaXMsIGNvbnNlY3RldHVyIGlkIGlwc3VtIHNpdCBhbWV0LCBmZXJnaWF0LiBQZWxsZW50ZXNxdWUgaW4gbWkgZXUgbWFzc2EgbGFjaW5pYSBtYWxlc3VhZGEgZXQgYSBlbGl0LiBEb25lYyB1cm5hIGV4LCBsYWNpbmlhIGluIHB1cnVzIGFjLCBwcmV0aXVtIHB1bHZpbmFyIG1hdXJpcy4gTnVuYyBsb3JlbSBtYXVyaXMsIGZyaW5naWxsYSBpbiBhbGlxdWFtIGF0LCBldWlzbW9kIGluIGxlY3R1cy4gUGVsbGVudGVzcXVlIGhhYml0YW50IG1vcmJpIHRyaXN0aXF1ZSBzZW5lY3R1cyBldCBuZXR1cyBldCBtYWxlc3VhZGEgZmFtZXMgYWMgdHVycGlzIGVnZXN0YXMuIEN1cmFiaXR1ciBzYXBpZW4gcmlzdXMsIGNvbW1vZG8gZWdldCB0dXJwaXMgYXQsIGVsZW1lbnR1bSBjb252YWxsaXMgZW5pbSB0dXJwaXMsIGxvcmVtIGlwc3VtIGRvbG9yIHNpdCBhbWV0IG51bGxhbS5hPC9wPg0KPHA+TG9yZW0gaXBzdW0gZG9sb3Igc2l0IGFtZXQsIGNvbnNlY3RldHVyIGFkaXBpc2NpbmcgZWxpdC4gRHVpcyBkYXBpYnVzIHJ1dHJ1bSBmYWNpbGlzaXMuIENsYXNzIGFwdGVudCB0YWNpdGkgc29jaW9zcXUgYWQgbGl0b3JhIHRvcnF1ZW50IHBlciBjb251YmlhIG5vc3RyYSwgcGVyIGluY2VwdG9zIGhpbWVuYWVvcy4gRXRpYW0gdHJpc3RpcXVlIGxpYmVybyBldSBuaWJoIHBvcnR0aXRvciBmZXJtZW50dW0uIE51bGxhbSB2ZW5lbmF0aXMgZXJhdCBpZCB2ZWhpY3VsYSB2aXZlcnJhLiBOdW5jIHVsdHJpY2VzIGVyb3MgdXQgdWx0cmljaWVzIGNvbmRpbWVudHVtLiBNYXVyaXMgcmlzdXMgbGFjdXMsIGJsYW5kaXQgc2l0IGFtZXQgdmVuZW5hdGlzIG5vbiwgYmliZW5kdW0gdml0YWUgZG9sb3IuIE51bmMgbG9yZW0gbWF1cmlzLCBmcmluZ2lsbGEgaW4gYWxpcXVhbSBhdCwgZXVpc21vZCBpbiBsZWN0dXMuIFBlbGxlbnRlc3F1ZSBoYWJpdGFudCBtb3JiaSB0cmlzdGlxdWUgc2VuZWN0dXMgZXQgbmV0dXMgZXQgbWFsZXN1YWRhIGZhbWVzIGFjIHR1cnBpcyBlZ2VzdGFzLiBJbiBub24gbG9yZW0gc2l0IGFtZXQgZWxpdCBwbGFjZXJhdCBtYXhpbXVzLiBQZWxsZW50ZXNxdWUgYWxpcXVhbSBtYXhpbXVzIHJpc3VzLiBEb25lYyBlZ2V0IGV4IG1hZ25hLiBJbnRlcmR1bSBldCBtYWxlc3VhZGEgZmFtZXMgYWMgYW50ZSBpcHN1bSBwcmltaXMgaW4gZmF1Y2lidXMuIFBlbGxlbnRlc3F1ZSB2ZW5lbmF0aXMgZG9sb3IgaW1wZXJkaWV0IGRvbG9yIG1hdHRpcyBzYWdpdHRpcy4gUHJhZXNlbnQgcnV0cnVtIHNlbSBkaWFtLCB2aXRhZSBlZ2VzdGFzIGVuaW0gYXVjdG9yIHNpdCBhbWV0LiBQZWxsZW50ZXNxdWUgbGVvIG1hdXJpcywgY29uc2VjdGV0dXIgaWQgaXBzdW0uPC9wPg==;PHA+RG9uZWMgZWdldCBleCBtYWduYS4gSW50ZXJkdW0gZXQgbWFsZXN1YWRhIGZhbWVzIGFjIGFudGUgaXBzdW0gcHJpbWlzIGluIGZhdWNpYnVzLiBQZWxsZW50ZXNxdWUgdmVuZW5hdGlzIGRvbG9yIGltcGVyZGlldCBkb2xvciBtYXR0aXMgc2FnaXR0aXMgbWFnbmEgZXRpYW0uPC9wPg==;cGljMDUuanBnLA==;;LCw=;;;;
AUGUE LOREM PRIMIS VESTIBULUM;augue-lorem-primis-vestibulumcz;1513443856;cz:augue-lorem-primis-vestibulum;PHA+RG9uZWMgZWdldCBleCBtYWduYS4gSW50ZXJkdW0gZXQgbWFsZXN1YWRhIGZhbWVzIGFjIGFudGUgaXBzdW0gcHJpbWlzIGluIGZhdWNpYnVzLiBQZWxsZW50ZXNxdWUgdmVuZW5hdGlzIGRvbG9yIGltcGVyZGlldCBkb2xvciBtYXR0aXMgc2FnaXR0aXMuIFByYWVzZW50IHJ1dHJ1bSBzZW0gZGlhbSwgdml0YWUgZWdlc3RhcyBlbmltIGF1Y3RvciBzaXQgYW1ldC4gUGVsbGVudGVzcXVlIGxlbyBtYXVyaXMsIGNvbnNlY3RldHVyIGlkIGlwc3VtIHNpdCBhbWV0LCBmZXJnaWF0LiBQZWxsZW50ZXNxdWUgaW4gbWkgZXUgbWFzc2EgbGFjaW5pYSBtYWxlc3VhZGEgZXQgYSBlbGl0LiBEb25lYyB1cm5hIGV4LCBsYWNpbmlhIGluIHB1cnVzIGFjLCBwcmV0aXVtIHB1bHZpbmFyIG1hdXJpcy4gTnVuYyBsb3JlbSBtYXVyaXMsIGZyaW5naWxsYSBpbiBhbGlxdWFtIGF0LCBldWlzbW9kIGluIGxlY3R1cy4gUGVsbGVudGVzcXVlIGhhYml0YW50IG1vcmJpIHRyaXN0aXF1ZSBzZW5lY3R1cyBldCBuZXR1cyBldCBtYWxlc3VhZGEgZmFtZXMgYWMgdHVycGlzIGVnZXN0YXMuIEN1cmFiaXR1ciBzYXBpZW4gcmlzdXMsIGNvbW1vZG8gZWdldCB0dXJwaXMgYXQsIGVsZW1lbnR1bSBjb252YWxsaXMgZW5pbSB0dXJwaXMsIGxvcmVtIGlwc3VtIGRvbG9yIHNpdCBhbWV0IG51bGxhbS5hPC9wPg0KPHA+TG9yZW0gaXBzdW0gZG9sb3Igc2l0IGFtZXQsIGNvbnNlY3RldHVyIGFkaXBpc2NpbmcgZWxpdC4gRHVpcyBkYXBpYnVzIHJ1dHJ1bSBmYWNpbGlzaXMuIENsYXNzIGFwdGVudCB0YWNpdGkgc29jaW9zcXUgYWQgbGl0b3JhIHRvcnF1ZW50IHBlciBjb251YmlhIG5vc3RyYSwgcGVyIGluY2VwdG9zIGhpbWVuYWVvcy4gRXRpYW0gdHJpc3RpcXVlIGxpYmVybyBldSBuaWJoIHBvcnR0aXRvciBmZXJtZW50dW0uIE51bGxhbSB2ZW5lbmF0aXMgZXJhdCBpZCB2ZWhpY3VsYSB2aXZlcnJhLiBOdW5jIHVsdHJpY2VzIGVyb3MgdXQgdWx0cmljaWVzIGNvbmRpbWVudHVtLiBNYXVyaXMgcmlzdXMgbGFjdXMsIGJsYW5kaXQgc2l0IGFtZXQgdmVuZW5hdGlzIG5vbiwgYmliZW5kdW0gdml0YWUgZG9sb3IuIE51bmMgbG9yZW0gbWF1cmlzLCBmcmluZ2lsbGEgaW4gYWxpcXVhbSBhdCwgZXVpc21vZCBpbiBsZWN0dXMuIFBlbGxlbnRlc3F1ZSBoYWJpdGFudCBtb3JiaSB0cmlzdGlxdWUgc2VuZWN0dXMgZXQgbmV0dXMgZXQgbWFsZXN1YWRhIGZhbWVzIGFjIHR1cnBpcyBlZ2VzdGFzLiBJbiBub24gbG9yZW0gc2l0IGFtZXQgZWxpdCBwbGFjZXJhdCBtYXhpbXVzLiBQZWxsZW50ZXNxdWUgYWxpcXVhbSBtYXhpbXVzIHJpc3VzLiBEb25lYyBlZ2V0IGV4IG1hZ25hLiBJbnRlcmR1bSBldCBtYWxlc3VhZGEgZmFtZXMgYWMgYW50ZSBpcHN1bSBwcmltaXMgaW4gZmF1Y2lidXMuIFBlbGxlbnRlc3F1ZSB2ZW5lbmF0aXMgZG9sb3IgaW1wZXJkaWV0IGRvbG9yIG1hdHRpcyBzYWdpdHRpcy4gUHJhZXNlbnQgcnV0cnVtIHNlbSBkaWFtLCB2aXRhZSBlZ2VzdGFzIGVuaW0gYXVjdG9yIHNpdCBhbWV0LiBQZWxsZW50ZXNxdWUgbGVvIG1hdXJpcywgY29uc2VjdGV0dXIgaWQgaXBzdW0uPC9wPg==;PHA+RG9uZWMgZWdldCBleCBtYWduYS4gSW50ZXJkdW0gZXQgbWFsZXN1YWRhIGZhbWVzIGFjIGFudGUgaXBzdW0gcHJpbWlzIGluIGZhdWNpYnVzLiBQZWxsZW50ZXNxdWUgdmVuZW5hdGlzIGRvbG9yIGltcGVyZGlldCBkb2xvciBtYXR0aXMgc2FnaXR0aXMgbWFnbmEgZXRpYW0uPC9wPg==;cGljMDQuanBnLA==;;LCw=;;;;;
TEMPUS SED NULLA IMPERDIET LETO;tempus-sed-nulla-imperdiet-letocz;1513443855;cz:tempus-sed-nulla-imperdiet;PHA+RG9uZWMgZWdldCBleCBtYWduYS4gSW50ZXJkdW0gZXQgbWFsZXN1YWRhIGZhbWVzIGFjIGFudGUgaXBzdW0gcHJpbWlzIGluIGZhdWNpYnVzLiBQZWxsZW50ZXNxdWUgdmVuZW5hdGlzIGRvbG9yIGltcGVyZGlldCBkb2xvciBtYXR0aXMgc2FnaXR0aXMuIFByYWVzZW50IHJ1dHJ1bSBzZW0gZGlhbSwgdml0YWUgZWdlc3RhcyBlbmltIGF1Y3RvciBzaXQgYW1ldC4gUGVsbGVudGVzcXVlIGxlbyBtYXVyaXMsIGNvbnNlY3RldHVyIGlkIGlwc3VtIHNpdCBhbWV0LCBmZXJnaWF0LiBQZWxsZW50ZXNxdWUgaW4gbWkgZXUgbWFzc2EgbGFjaW5pYSBtYWxlc3VhZGEgZXQgYSBlbGl0LiBEb25lYyB1cm5hIGV4LCBsYWNpbmlhIGluIHB1cnVzIGFjLCBwcmV0aXVtIHB1bHZpbmFyIG1hdXJpcy4gTnVuYyBsb3JlbSBtYXVyaXMsIGZyaW5naWxsYSBpbiBhbGlxdWFtIGF0LCBldWlzbW9kIGluIGxlY3R1cy4gUGVsbGVudGVzcXVlIGhhYml0YW50IG1vcmJpIHRyaXN0aXF1ZSBzZW5lY3R1cyBldCBuZXR1cyBldCBtYWxlc3VhZGEgZmFtZXMgYWMgdHVycGlzIGVnZXN0YXMuIEN1cmFiaXR1ciBzYXBpZW4gcmlzdXMsIGNvbW1vZG8gZWdldCB0dXJwaXMgYXQsIGVsZW1lbnR1bSBjb252YWxsaXMgZW5pbSB0dXJwaXMsIGxvcmVtIGlwc3VtIGRvbG9yIHNpdCBhbWV0IG51bGxhbS5hPC9wPg0KPHA+TG9yZW0gaXBzdW0gZG9sb3Igc2l0IGFtZXQsIGNvbnNlY3RldHVyIGFkaXBpc2NpbmcgZWxpdC4gRHVpcyBkYXBpYnVzIHJ1dHJ1bSBmYWNpbGlzaXMuIENsYXNzIGFwdGVudCB0YWNpdGkgc29jaW9zcXUgYWQgbGl0b3JhIHRvcnF1ZW50IHBlciBjb251YmlhIG5vc3RyYSwgcGVyIGluY2VwdG9zIGhpbWVuYWVvcy4gRXRpYW0gdHJpc3RpcXVlIGxpYmVybyBldSBuaWJoIHBvcnR0aXRvciBmZXJtZW50dW0uIE51bGxhbSB2ZW5lbmF0aXMgZXJhdCBpZCB2ZWhpY3VsYSB2aXZlcnJhLiBOdW5jIHVsdHJpY2VzIGVyb3MgdXQgdWx0cmljaWVzIGNvbmRpbWVudHVtLiBNYXVyaXMgcmlzdXMgbGFjdXMsIGJsYW5kaXQgc2l0IGFtZXQgdmVuZW5hdGlzIG5vbiwgYmliZW5kdW0gdml0YWUgZG9sb3IuIE51bmMgbG9yZW0gbWF1cmlzLCBmcmluZ2lsbGEgaW4gYWxpcXVhbSBhdCwgZXVpc21vZCBpbiBsZWN0dXMuIFBlbGxlbnRlc3F1ZSBoYWJpdGFudCBtb3JiaSB0cmlzdGlxdWUgc2VuZWN0dXMgZXQgbmV0dXMgZXQgbWFsZXN1YWRhIGZhbWVzIGFjIHR1cnBpcyBlZ2VzdGFzLiBJbiBub24gbG9yZW0gc2l0IGFtZXQgZWxpdCBwbGFjZXJhdCBtYXhpbXVzLiBQZWxsZW50ZXNxdWUgYWxpcXVhbSBtYXhpbXVzIHJpc3VzLiBEb25lYyBlZ2V0IGV4IG1hZ25hLiBJbnRlcmR1bSBldCBtYWxlc3VhZGEgZmFtZXMgYWMgYW50ZSBpcHN1bSBwcmltaXMgaW4gZmF1Y2lidXMuIFBlbGxlbnRlc3F1ZSB2ZW5lbmF0aXMgZG9sb3IgaW1wZXJkaWV0IGRvbG9yIG1hdHRpcyBzYWdpdHRpcy4gUHJhZXNlbnQgcnV0cnVtIHNlbSBkaWFtLCB2aXRhZSBlZ2VzdGFzIGVuaW0gYXVjdG9yIHNpdCBhbWV0LiBQZWxsZW50ZXNxdWUgbGVvIG1hdXJpcywgY29uc2VjdGV0dXIgaWQgaXBzdW0uPC9wPg==;PHA+RG9uZWMgZWdldCBleCBtYWduYS4gSW50ZXJkdW0gZXQgbWFsZXN1YWRhIGZhbWVzIGFjIGFudGUgaXBzdW0gcHJpbWlzIGluIGZhdWNpYnVzLiBQZWxsZW50ZXNxdWUgdmVuZW5hdGlzIGRvbG9yIGltcGVyZGlldCBkb2xvciBtYXR0aXMgc2FnaXR0aXMgbWFnbmEgZXRpYW0uPC9wPg==;cGljMDYuanBnLA==;;LCw=;;;;;;
AND THIS IS A MASSIVE HEADLINE:1;and-this-is-a-massive-headline1cz;1513443853;cz:and-this-is-a-massive-headline1;PHA+RG9uZWMgZWdldCBleCBtYWduYS4gSW50ZXJkdW0gZXQgbWFsZXN1YWRhIGZhbWVzIGFjIGFudGUgaXBzdW0gcHJpbWlzIGluIGZhdWNpYnVzLiBQZWxsZW50ZXNxdWUgdmVuZW5hdGlzIGRvbG9yIGltcGVyZGlldCBkb2xvciBtYXR0aXMgc2FnaXR0aXMuIFByYWVzZW50IHJ1dHJ1bSBzZW0gZGlhbSwgdml0YWUgZWdlc3RhcyBlbmltIGF1Y3RvciBzaXQgYW1ldC4gUGVsbGVudGVzcXVlIGxlbyBtYXVyaXMsIGNvbnNlY3RldHVyIGlkIGlwc3VtIHNpdCBhbWV0LCBmZXJnaWF0LiBQZWxsZW50ZXNxdWUgaW4gbWkgZXUgbWFzc2EgbGFjaW5pYSBtYWxlc3VhZGEgZXQgYSBlbGl0LiBEb25lYyB1cm5hIGV4LCBsYWNpbmlhIGluIHB1cnVzIGFjLCBwcmV0aXVtIHB1bHZpbmFyIG1hdXJpcy4gTnVuYyBsb3JlbSBtYXVyaXMsIGZyaW5naWxsYSBpbiBhbGlxdWFtIGF0LCBldWlzbW9kIGluIGxlY3R1cy4gUGVsbGVudGVzcXVlIGhhYml0YW50IG1vcmJpIHRyaXN0aXF1ZSBzZW5lY3R1cyBldCBuZXR1cyBldCBtYWxlc3VhZGEgZmFtZXMgYWMgdHVycGlzIGVnZXN0YXMuIEN1cmFiaXR1ciBzYXBpZW4gcmlzdXMsIGNvbW1vZG8gZWdldCB0dXJwaXMgYXQsIGVsZW1lbnR1bSBjb252YWxsaXMgZW5pbSB0dXJwaXMsIGxvcmVtIGlwc3VtIGRvbG9yIHNpdCBhbWV0IG51bGxhbS48L3A+DQo8cD5Mb3JlbSBpcHN1bSBkb2xvciBzaXQgYW1ldCwgY29uc2VjdGV0dXIgYWRpcGlzY2luZyBlbGl0LiBEdWlzIGRhcGlidXMgcnV0cnVtIGZhY2lsaXNpcy4gQ2xhc3MgYXB0ZW50IHRhY2l0aSBzb2Npb3NxdSBhZCBsaXRvcmEgdG9ycXVlbnQgcGVyIGNvbnViaWEgbm9zdHJhLCBwZXIgaW5jZXB0b3MgaGltZW5hZW9zLiBFdGlhbSB0cmlzdGlxdWUgbGliZXJvIGV1IG5pYmggcG9ydHRpdG9yIGZlcm1lbnR1bS4gTnVsbGFtIHZlbmVuYXRpcyBlcmF0IGlkIHZlaGljdWxhIHZpdmVycmEuIE51bmMgdWx0cmljZXMgZXJvcyB1dCB1bHRyaWNpZXMgY29uZGltZW50dW0uIE1hdXJpcyByaXN1cyBsYWN1cywgYmxhbmRpdCBzaXQgYW1ldCB2ZW5lbmF0aXMgbm9uLCBiaWJlbmR1bSB2aXRhZSBkb2xvci4gTnVuYyBsb3JlbSBtYXVyaXMsIGZyaW5naWxsYSBpbiBhbGlxdWFtIGF0LCBldWlzbW9kIGluIGxlY3R1cy4gUGVsbGVudGVzcXVlIGhhYml0YW50IG1vcmJpIHRyaXN0aXF1ZSBzZW5lY3R1cyBldCBuZXR1cyBldCBtYWxlc3VhZGEgZmFtZXMgYWMgdHVycGlzIGVnZXN0YXMuIEluIG5vbiBsb3JlbSBzaXQgYW1ldCBlbGl0IHBsYWNlcmF0IG1heGltdXMuIFBlbGxlbnRlc3F1ZSBhbGlxdWFtIG1heGltdXMgcmlzdXMuIERvbmVjIGVnZXQgZXggbWFnbmEuIEludGVyZHVtIGV0IG1hbGVzdWFkYSBmYW1lcyBhYyBhbnRlIGlwc3VtIHByaW1pcyBpbiBmYXVjaWJ1cy4gUGVsbGVudGVzcXVlIHZlbmVuYXRpcyBkb2xvciBpbXBlcmRpZXQgZG9sb3IgbWF0dGlzIHNhZ2l0dGlzLiBQcmFlc2VudCBydXRydW0gc2VtIGRpYW0sIHZpdGFlIGVnZXN0YXMgZW5pbSBhdWN0b3Igc2l0IGFtZXQuIFBlbGxlbnRlc3F1ZSBsZW8gbWF1cmlzLCBjb25zZWN0ZXR1ciBpZCBpcHN1bS48L3A+;PHA+QWVuZWFuIG9ybmFyZSB2ZWxpdCBsYWN1cyB2YXJpdXMgZW5pbSB1bGxhbWNvcnBlciBwcm9pbiBhbGlxdWFtJm5ic3A7ZmFjaWxpc2lzIGFudGUgc2VkIGV0aWFtIG1hZ25hIGludGVyZHVtIGNvbmd1ZS4gTG9yZW0gaXBzdW0gZG9sb3ImbmJzcDthbWV0IG51bGxhbSBzZWQgZXRpYW0gdmVyb2Vyb3MuPC9wPg==;cGljMDcuanBnLA==;;LCw=;;;;;;;
