Kontakt:4;kontakt;1553383407;;PHAgc3R5bGU9InRleHQtYWxpZ246IGNlbnRlcjsiPlBva3VkIG0mYWFjdXRlO3RlIGphayZ5YWN1dGU7a29saXYgZG90YXosIHNtxJtydWp0ZSBobyBuYSB1dmVkZW4mZWFjdXRlOyBrb250YWt0eSBuJmlhY3V0ZTvFvmU6PC9wPg0KPHAgc3R5bGU9InRleHQtYWxpZ246IGNlbnRlcjsiPjxhIGhyZWY9Im1haWx0bzppbmZvQG9iamVjdGl2ZS1jLmN6Ij5pbmZvQG9iamVjdGl2ZS1jLmN6PC9hPjwvcD4NCjxwIHN0eWxlPSJ0ZXh0LWFsaWduOiBjZW50ZXI7Ij4rNDIwIDc3NCAwMTkgOTAzPC9wPg0KPHAgc3R5bGU9InRleHQtYWxpZ246IGNlbnRlcjsiPiZuYnNwOzwvcD4NCjxwIHN0eWxlPSJ0ZXh0LWFsaWduOiBjZW50ZXI7Ij48c3Ryb25nPlByb3Zvem92bmE6PC9zdHJvbmc+PC9wPg0KPHAgc3R5bGU9InRleHQtYWxpZ246IGNlbnRlcjsiPjxzdHJvbmc+REFET0sgLSBHbG9iYWwgSW50ZXJuZXQgU29sdXRpb25zPC9zdHJvbmc+PC9wPg0KPHAgc3R5bGU9InRleHQtYWxpZ246IGNlbnRlcjsiPk51JnNjYXJvbjtsb3ZhIDI1LCAxNTggMDAgUHJhaGEgNTwvcD4NCjxwIHN0eWxlPSJ0ZXh0LWFsaWduOiBjZW50ZXI7Ij5OYSBWJnlhY3V0ZTtzbHVuJmlhY3V0ZTsgNDM2LzE4IDQxMiAwMSBMaXRvbcSbxZlpY2U8L3A+DQo8cCBzdHlsZT0idGV4dC1hbGlnbjogY2VudGVyOyI+ScSMTzogNzYyNTY5NjE8L3A+DQo8cCBzdHlsZT0idGV4dC1hbGlnbjogY2VudGVyOyI+RmlybWEgemFwcyZhYWN1dGU7bmEgdiDFvml2bm9zdGVuc2smZWFjdXRlO20gcmVqc3TFmSZpYWN1dGU7a3UuPC9wPg==;;;;LCw=;;;;;;
Objednávka:2;objednavka;1513642520;;PHA+PGltZyBzcmM9ImRhdGE6aW1hZ2UvanBlZztiYXNlNjQsLzlqLzRRQVlSWGhwWmdBQVNVa3FBQWdBQUFBQUFBQUFBQUFBQVAvc0FCRkVkV05yZVFBQkFBUUFBQUF5QUFELzRRTXJhSFIwY0RvdkwyNXpMbUZrYjJKbExtTnZiUzk0WVhBdk1TNHdMd0E4UDNod1lXTnJaWFFnWW1WbmFXNDlJdSs3dnlJZ2FXUTlJbGMxVFRCTmNFTmxhR2xJZW5KbFUzcE9WR042YTJNNVpDSS9QaUE4ZURwNGJYQnRaWFJoSUhodGJHNXpPbmc5SW1Ga2IySmxPbTV6T20xbGRHRXZJaUI0T25odGNIUnJQU0pCWkc5aVpTQllUVkFnUTI5eVpTQTFMak10WXpBeE1TQTJOaTR4TkRVMk5qRXNJREl3TVRJdk1ESXZNRFl0TVRRNk5UWTZNamNnSUNBZ0lDQWdJQ0krSUR4eVpHWTZVa1JHSUhodGJHNXpPbkprWmowaWFIUjBjRG92TDNkM2R5NTNNeTV2Y21jdk1UazVPUzh3TWk4eU1pMXlaR1l0YzNsdWRHRjRMVzV6SXlJK0lEeHlaR1k2UkdWelkzSnBjSFJwYjI0Z2NtUm1PbUZpYjNWMFBTSWlJSGh0Ykc1ek9uaHRjRDBpYUhSMGNEb3ZMMjV6TG1Ga2IySmxMbU52YlM5NFlYQXZNUzR3THlJZ2VHMXNibk02ZUcxd1RVMDlJbWgwZEhBNkx5OXVjeTVoWkc5aVpTNWpiMjB2ZUdGd0x6RXVNQzl0YlM4aUlIaHRiRzV6T25OMFVtVm1QU0pvZEhSd09pOHZibk11WVdSdlltVXVZMjl0TDNoaGNDOHhMakF2YzFSNWNHVXZVbVZ6YjNWeVkyVlNaV1lqSWlCNGJYQTZRM0psWVhSdmNsUnZiMnc5SWtGa2IySmxJRkJvYjNSdmMyaHZjQ0JEVXpZZ0tGZHBibVJ2ZDNNcElpQjRiWEJOVFRwSmJuTjBZVzVqWlVsRVBTSjRiWEF1YVdsa09qTTFNakpHTjBZMk1qa3dOREV4UlRkQ01FTXdPVUZFTkVVM00wUXhSRGxHSWlCNGJYQk5UVHBFYjJOMWJXVnVkRWxFUFNKNGJYQXVaR2xrT2pNMU1qSkdOMFkzTWprd05ERXhSVGRDTUVNd09VRkVORVUzTTBReFJEbEdJajRnUEhodGNFMU5Pa1JsY21sMlpXUkdjbTl0SUhOMFVtVm1PbWx1YzNSaGJtTmxTVVE5SW5odGNDNXBhV1E2TXpVeU1rWTNSalF5T1RBME1URkZOMEl3UXpBNVFVUTBSVGN6UkRGRU9VWWlJSE4wVW1WbU9tUnZZM1Z0Wlc1MFNVUTlJbmh0Y0M1a2FXUTZNelV5TWtZM1JqVXlPVEEwTVRGRk4wSXdRekE1UVVRMFJUY3pSREZFT1VZaUx6NGdQQzl5WkdZNlJHVnpZM0pwY0hScGIyNCtJRHd2Y21SbU9sSkVSajRnUEM5NE9uaHRjRzFsZEdFK0lEdy9lSEJoWTJ0bGRDQmxibVE5SW5JaVB6Ny83Z0FPUVdSdlltVUFaTUFBQUFBQi85c0FoQUFJQmdZR0JnWUlCZ1lJREFnSENBd09DZ2dJQ2c0UURRME9EUTBRRVF3T0RRME9EQkVQRWhNVUV4SVBHQmdhR2hnWUl5SWlJaU1uSnljbkp5Y25KeWNuQVFrSUNBa0tDUXNKQ1FzT0N3MExEaEVPRGc0T0VSTU5EUTRORFJNWUVROFBEdzhSR0JZWEZCUVVGeFlhR2hnWUdob2hJU0FoSVNjbkp5Y25KeWNuSnlmL3dBQVJDQUUyQTJZREFTSUFBaEVCQXhFQi84UUFtd0FCQUFJQ0F3RUFBQUFBQUFBQUFBQUFBQUlEQVFRRkJ3Z0dBUUVCQVFFQkFBQUFBQUFBQUFBQUFBQUFBUUlEQkJBQkFBSUJBZ01FQlFjS0FRb0ZCUUFBQUFFQ0F4RUVJUVVHTVZFU0IwRmhjVElUZ1pHaHNTSlNGTUZDWW5LQ2txS3lJek56MGVIQ1U2UEROQlVsQ1BCRGt5UW04V096VkdRUkFRRUFBd0VBQUFZREFBQUFBQUFBQUFBQkVURUNJVUZSWVhFeUE0RVNRdi9hQUF3REFRQUNFUU1SQUQ4QTdyQVphQUFBQUFBQUFBQUFBQUFBQUFBQUFBQUFBQUFBQUFBQUFBQUFBQUFBQUFBQUFBQUFBQUFBQUFBQUFBQUFBQUFBQUFBQUFBQUFBQUFBQUFBQUFBQUFBQUFBQUFBQUFBQUFBQUFBQUFBQUFBQUFBQUFBQUFBQUFBQUFBQUFBQUFBQUFBQUFBQUFBQUFBQUFBQUFBQUFBQUFBQUFBQUFBQUFBQUFBQUFBQUFBQUFBQUFBQUFBQUFBQUFBQUFBQUFBQUFBQUFBQUFBQUFBQUFBQUFBQUFBQUFBQUFBQUFBQUFBQUFBQUFBQUFBQUFBQUFBQUFBQUFBQUFBQUFBQUFBQUFBQUFBQUFBQUFBQUFBQUFBQUFBQUFBQUFBQUFRelpzTzN4WHo3akpYRmh4eE5zbVM4eFd0YXgyemEwOElnRTN6WFdYV25MK2p0bGp6YmlrN25lN3FiVTJPeHBhSzJ5V3JHdHJXdE92aHBYV1BGYlI4cDFMNTQ5TThvdmZiY214MzUxdWE4SnZpdEdQYlJQK05hTFRiOW1zeDYzUi9WL1dmTnV0T1pZK1pjempIZ3RoeHpnd1lkdDRxMXJqbTAyNHphMXBtWjE0eXVFdGZaYzU4MStzZDllWmptZURsR0dlekR0TWRiVzAvU3laL0hmWDlYUjhidnVzdWY3dkphTnoxRHpEUFNKMGovQU54a3JXWTcvRFNZcStjMHg5MGZXekUxN3ZvVm4zNXVSdHpqSmVkYjc3YzJudnRrdE0vVExjNWJ6YmJlTy80dm0rKzJzUkVmRHRnMXRNejZmRTRlbEwyOTNITS9JdGpiWkovTmlQYm9KY2ZOOXZzZXFkenQ5UDhBbC9YRy93QU9uWlRjK085UDNiNjFjMXRmT3pxamt1Nm5hYjdKdE9mYmVrVm1OMVN2d2IzaVkxNFd4ZlppZS9XanE2ZHBmMDBpZllybkJqMTBtbWsvTEFUNzJ2VnZSZm1OeVByU3M0ZHI0dHJ6SEhYeDVkamxtSnQ0WTRUYkhlT0Y2eDhrK3A5ZThiZFBjMHo5Tzg2MlBPZHJFM3Zzc3RjdndwdE5mSFdPRnNjMmlKbUl0V1ppWG9ucG56ZzZVNS9hbTIzZVMzSjk3YlNJdzd5YXhpdGFmUmp6eDlpZjJ2RFBxU3hxVjJBRVRFeEV4T3NUeGlZRWFBQUFBQUFBQUFBQUFBQUFBQUFBQUFBQUFBQUFBQUFBQUFBQUFBQUFBQUFBQUFBQUFBQUFBQUFBQUFBQUFBQUFBQUFBQUFBQUFBQUFBQUFBQUFBQUFBQUFBQUFBQUFBQVJ5Wk1lSEhmTmx0Rk1lT3MzdmUwNlZyV3NhemFabnNpSUJ4UFUzVTNLK2srVlplYjgyeVRYRlQ3T1BGVFNjbVhKUHU0OGRabU5iVDlFY1o0UE1QV25tSno3clRjVEc4eVR0dVcxbitqeXpEYWZoUnBQQzJXZUh4Yit1ZUhkRUorWkhXdWZyTG4rVFBTOHh5emFUYkR5M0RQQ0l4Njhjc3g5N0pwclB5UjZIeDBScXNqSnJNOW5BOFBlendTaUZHSXJEY3cyMmxPL3dBWGZhR3RwUGRMT2dsY25TK08vdTJpZlVzOE1SeG5nNG1JVG1iVzRUTXo3Um5Ea1p5NGE5dDRWM3liWEpHbHJmTHB4YVdqT2dtRTVtdGJhUmJ4VjlGb1NpSzJqU2VNVDJ3cjBack13Sys1Nk04eU9mZEkzeDdhY2x0OXlpSmlMYkROYVorSFgvOEFudk9zNC8xZmQ5VDBWMC8xRHlycWJsMU9aOHB6ZkZ3Mit6ZWs4TW1POGR0TWxmemJSL25qZzhoVnRFdm8raitxOS8waHphbk1OcE0zMjk5S2IzYTY2VnpZdGV6MVdqdHJiMFQ2dFltV0xPc2JlcmhxOHM1bHMrY2N2MjNNOWhrK0x0ZDFTTW1LL3FuMFRIb21KNFRIb2x0STZBQUFBQUFBQUFBQUFBQUFBQUFBQUFBQUFBQUFBQUFBQUFBQUFBQUFBQUFBQUFBQUFBQUFBQUFBQUFBQUFBQUFBQUFBQUFBQUFBQUFBQUFBQUFBQUFBQUFBQUFBQURyZnpyNmp2eVRwRzNMOXZidzdubkY1MnNhVHBNWVlqeFo1ajJ4cFNmVloyUTg3ZWQzTWJiL3JiWThwOFd1SFlZTWNUVHV5WnBuTGVmbHA0Q0pkUGhkbnl6Qmh4MXRscEY4MHhFMm0zR0ltZlJFTit1TEhFY0tWajVJWjlLVU51TnFOc09DWW1iWTZURWNaMXJEaDRyU2JXdFdzVmkwenBFUjZITVpwMHdaSi9SbHhGUGRnSW5FUWxGYXoyeEVvd25DREU0TU51MmtLNTVmUzlvcmpud3phWWlOZXppMklXWXY3dFAxbyt0VXpYTFlPaEp0V3RzMjcwbVkxMHBIK1Z0MTZDMk9uSGQ1ZGZaRDZqRi9icDdJV2VLc2R0b2oyeXVHUDdkZk44bGZvRGJUSDlQZTVJbjlLc1M0VG5mUzI0NUxncnVwelZ6NFp0NFowaVltSm5zMWRseGFKN09QczR1SDZzcEYrUTdyeFI3c1JhTlluMFNtRm5WenQxZEV6RXI2VzFocS9GeGZmcjg4TGNWdGV5ZUNPanV6eU82anRGOTUwdnViek5aaWQ1c2RmUk1hVnpZNDl2MmJSSDYwdTZIbG55NzN2NERyWGt1ZnhlR0w3aU1FejZOTThUZzAvamVwa3JweGZBQkdnQUFBQUFBQUFBQUFBQUFBQUFBQUFBQUFBQUFBQUFBQUFBQUFBQUFBQUFBQUFBQUFBQUFBQUFBQUFBQUFBQUFBQUFBQUFBQUFBQUFBQUFBQUFBQUFBQUFBQUFCNVg4d2MxdHg1bTgwdGZ0cHVLNCtQZGp4VXBIMFE5VVBLUFhVVFh6TDV2RnY4QTl5ZnB4MW1GalBXbGNKUXhETFRpaHVQK0h5ZnF5NGludXc1alBHdURKK3JMaDZlN0FzVGhPRUlTaEJPRm1MKzVUOWFQclZ3c3hmM2NmNjBmV3FWM3YwVjAvd0FzNXBzNTN2TUsyelRXMDQ2WVBGTmFSNFlpZGJlSGpiWFY5eGo1WHl2YTFpTnZzY0dPSTdzZFpuNTdSTDQ3eTQzSDJOMXROZXo0ZVdQMm9tay9WRDcyM3VxMXhKL1dWR2xNZGZkeDBqMlZySDVHeml4NDc2eGZIUzBhZGsxaWZ5S0t0bkIyejdCdFRuNUp5VGR4TWJybG0wenhQYkdUQmp0L05WOFh6anlwNkc1MUZxMTVaWGx1NHZ3eDdybDh6aG1zejJUT1BqanQ3SnE3Q3RPbFpudWlYQ2MwM3NjdDVYditZek9uNFBiWnMrcytpY2VPMXEvVEFQS2ZLYS9ndXBkbmppOFpQd25NYVk0eVJHa1crRG5pdmowOWZoMWV1WGp2a3MydnpQbDk3OGIzM0dLOTU3N1d5UmFmcGw3RVlweDhRQkd3QUFBQUFBQUFBQUFBQUFBQUFBQUFBQUFBQUFBQUFBQUFBQUFBQUFBQUFBQUFBQUFBQUFBQUFBQUFBQUFBQUFBQUFBQUFBQUFBQUFBQUFBQUFBQUFBQUFBQUFCNVo4emNmNGZ6UDVsK25sMitUOS9CamVwbm1qenB3eHQvTVA0MGNQajdmYTVaK1R4WXY5Qll6MXB3M3BaaGllMlVvYWNVY3NhNGJ4K2pMaGFlN0RuTHhyUzBlcVhCVTdFV0xJWmlVWVNCS0pZeVpKeCtHMGVqaVFyM0h1d0RzM3lpNmx6Ym5xei9sMmVZaW00Mm1Yd3orbGhtdVNJK2JWM3piM1plVS9MalBPMjY2NUpuMTBpdTQ4Ti8xYjF0am4rWjZ0N2EvSXNhNThtR0t0ckIyeTFhTnJCMnlyUzNMT21LOCtwOEQ1cDcyTmg1Zjg3dnJwZmM0NmJUSDY3WjhsYWZ5NnZ2ZHhPbUdmWE1RNmY4QVBqZWZDNmE1WHNJblQ4WnYvSGFPK3UzeFd0L05lQ3BYUzNUOVBpYys1VmpqOC9lYmV2ejVhdzlmUEtYUWUxamVkWmNqd3pHc1J1OFdXWS93cCtML0FLRDFheFY0MEFJMkFBQUFBQUFBQUFBQUFBQUFBQUFBQUFBQUFBQUFBQUFBQUFBQUFBQUFBQUFBQUFBQUFBQUFBQUFBQUFBQUFBQUFBQUFBQUFBQUFBQUFBQUFBQUFBQUFBQUFBQVBQZi9jQnRaeGRSOHIzOFJwR2JhZkQxOWVMTGUzMVpJZWhIUzMvQUhEYlh4YkhrbTlpT09QSnVNTXordlhIZVA1SklsMDY0ck9zUlBmRVQ4OEpRcDIxdkh0OE4rK2xmcVh3MjRNejJUSHFjRFhockhkTS9XNStIQXpHbVRKSGRhVVhsbUdVV1JVb1F6KzRsQ0dmKzJEa3VqUHM4L3daNC84QUkvcS91ekV2V21HOFpjVk1rZGw2eGFQWmFOWGxIb2pINCtaNXJkMktZK2VkSHAvcDdQOEFpZVM3RE5yck5zTk5ma2p3L2tXRS9LeHlGRzNnN1phdGUzNVcxdC9TcmJPNm4rbkVkOHVnUFB6ZXhrNXh5UGxzVy80ZmE1dHhldmRPYkpGS3pQN09OMzd1NTRVajJ5OHcrY1c3L0ZlWVhNTWNUckd6d2JiYmV5YTQvaVdqNThpVkt6NVE3YU54MTNzTHpHc2JmSG55ei82VnNjZlRkNldkQWVSZTFuTDFOdnQzTWZaMit5dFhYdXRreVk5UG9yTHY5bXRjNkFFYUFBQUFBQUFBQUFBQUFBQUFBQUFBQUFBQUFBQUFBQUFBQUFBQUFBQUFBQUFBQUFBQUFBQUFBQUFBQUFBQUFBQUFBQUFBQUFBQUFBQUFBQUFBQUFBQUFBQUFBQUhXWG50dFB4SFJlUFBFYXp0ZDVpeVRQZFcxY21LZnB2RHMxOGo1bzdTTjUwRnp2RnByTk1OYzBlcjRXU21YNnFpWFR6cHl5M2oyR0NlNnVuelMzWEc4a3Q0dGpGZnVYdEg1WEpOdUYzV1ljSGxqVGNaWS9TYzQ0WGRScHU4c2V1SkRsV0FqVE1JNXY3Y3BReG0vdFNEbnVoSy8rNTNkKzZsWStsNkk2SHpmRjZmdzExNDRyNU1mN3R0WSt0NTU2SCt6RzZ0M3pXSGUzbHptOGZMOTdpLzFlZUpqOXVrVCtSWWsvT3ZzWTk2ZmEyOXY2V3IrZExiMi9aWlhSRGN4NHNtT2tlbmg4OHZJZld1OXJ6SHJQcURlVW54VXliN05XbHUrdU9maFIvSTlkN25KWEhrbkxiM2NWSnlUN0t4TnZ5UEU5ODg3bk5tM051M1BseVpaL2J2Ti93QXFWSzdzOGc5dC9UNTV2Smp0dHQ4Tlo5a1piMi9taDNNNnc4aTl0OFBwWGVibWUzY2IyK242dE1lT3NmVHE3UFlyZk9nQVVBQUExaU8yUUJqeFYrOUh6bmpyOTZQbkJrWThWZStHZFlBQUFBQUFBQUFBQUFBQUFBQUFBQUFBQUFBQUFBQUFBQUFBQUFBQUFBQUFBQUFBQUFBQUFBQUFBQUFBQUFBQUFBQUFBQUFBQUFBQUFBQUFBQUFBQWNaMUh0WTMzVDNOZGxNYS9pTm51TVVSNjdZN1ZoeVoyOEo3QWVPK1FXL3A3akg5MjhUODhPWWNkZzIvNERuM051WGFhZkF6Wk1lbitGa3RSeVRiaDFzY1J2bzAzbC9YRVM1ZHhYTUkwM1VUMzFFbTJzQWpUTU1aZjdVbXBsL3RTRG5la2JlREJtbnZ0RHVqeXd6K0xOekxCcitaaXlmVGFycERwMi9nMnR2WGQyejVWYm4vQUs1dThIK3QydXNmc1hpZnlyR2Y5dTJmejIzdC9kdDdXcFB2TnZiKzdQdFYxY1QxUHVQd25KZWNidVowK0JzTnhmWDF4aHRwOUx4bGluVEZUOVdQcWV0dk0zY1R0dWgrcGNzZHM3TzJMLzFacmkvMG5rZUowalR1Wm85UytVbTAvQzlCY3NtZmUzRTVzOXYyc3Q0ci9ERVB0bkJkRTdYOEgwaHlQYnpHbHE3SGIydEg2VjhkYjIrbXpuV1dnRlc0M0dIYTQ1eTVyZUd2WkhmTTkwUUtubHlSaXgzeTI0eFNzMm1JN2RJalY4MWk1cHV0OWFiWHlUanJNNlZwU2RJaVBYTWNaWGJqbXViZHpOS2E0OFU4UERYdG1QMHJma2hIYjQ2NnhFVWlzZXBpM09rY3JqeDdPSWp4WmZIUHBtYlRPcXpGOENPM1RWcDFwRWRqWXg0Wm5qUENBYmRiNEk5UDFyY2Q5cnI5dWVIeXRXTU1ldEw0TStpVjlHOUZ0aDZ2cFJ5Zmc1cnJqbVBGM2Y4QTFhZmdtdmJETVZoYy9ZVzZVOUdrZXdWK0NHWWkxZXpzN2lDWVJPb3FnQUFBQUFBQUFBQUFBQUFBQUFBQUFBQUFBQUFBQUFBQUFBQUFBQUFBQUFBQUFBQUFBQUFBQUFBQUFBQUFBQUFBQUFBQUFBQUFBQUFBQUFBQVBMUFdHMy9BK1pYT3NPbWtaYytUSnAvalJHZi9BRTFUbmZPTGF4c3ZNWER1b2pTTjVnd1piVDN6RVcyLys3Y0UxSEh2WTRybVA5K2srcVljbmFkSWNWdjUxdlNlN1ZXWTE5VFZIVTFScEtETi9hbGlETC9ha0hKY2x0NGRyKzFMc3Z5cXpmOEF5N0hqKy90ZHhIelJXenEvbFZ0TnRIdGwySDVWNVA4QTV0czQ3OXZ1WS9nV00vNi9sMzNQdk5yYis3UHRhcys4Mjl2N3MrMVhWOEQ1eVp2ZytYblBwMTkrZHZqL0FIcytQL0k4clk2M3paS1lzY2EzeVdpdFk3NW1kSWg2Zjg3NTA4dmVheDk3Y2JXUDl0V1huTHBMYmZqdXFlUzdUVFdNMisyMWJmcS9GcjR2b1pxeDdFMmVDTnJ0TUcxcjJZTWRNY2V5bFlyK1JjRExTdlBueDdiRGZQbW5TbEkxbVh5MlhOdU9aNTV6WmZzNDQ0VXA2S3gzZjVXMXpyY3p1dDNYWTQ1L3BZZU9YVDAzbjBmSkJpcEZZaXRZN0dMYytJWThGWTRSRGR4NDRpR01lUFJzVnFnempyWFdOZXh0Vm12ZXErSEVWMVppR2hmR2pFMjd2blFpRTRnRFNaN1dmQ3pFSmFBakVNNkphR2dJNmVtR0U5RVpoUmdCVkFBQUFBQUFBQUFBQUFBQUFBQUFBQUFBQUFBQUFBQUFBQUFBQUFBQUFBQUFBQUFBQUFBQUFBQUFBQUFBQUFBQUFBQUFBQUFBQUFBQUFBQWRFLzhBY0J0cHhjeTVEekdJOTdIbHhUYi9BQXIwdi92SHhVenJ4NytMdEx6KzJQeHVtTmh2b2pXMjIzZncvWlhManZyOU9PSFUySEw0OXRodjk2bForaHFPWDdObVcra09NM002NlQ2MjFtdnEwc3M2d3JNVkFJck1NWlovcHlJNXAreElOM2x0dE52SHRsMkQ1VVQ0dXV0bEhkdDkxUHpZM1hQTHJmMFpqdWwyUjVQVitKMXhpdC9xOWx1clQ4c1VyK1VNZXUvNTk2RzN0L2RuMnRTZmViZTM5MmZhMDI2Mzg4STE4dk9hejNiamF6L3RhdzZLOHB0ck84OHdlUzAwMXJqdmt6VzlYd3NPVEpIMHhEdjd6bHdmRzh1K2ZSSGJqbmJaZjNkeGoveXVuL0lIYWZINnkzTzVtUHM3WFk1YlJQNlY4bVBISDBUTE5hNTA5S0s5em1ydDhHVFBic3gxbTJuZnBIWXNjVDFGbW1teXJpaWVPYThWbjJSOXFmcGlHTHBYRGJTTFdtK2ZKeHlaSm0wejN6UEdYTjh2d1JQOVcwY0k0VjlyaXR2WGhTa2R2NVpmUllhUmpwV2tlaUdZaWZ3cVc3YXdxOEVSazhOZXlHekNqSHh0YTNyYW9zbWtUcDZtWXh3ekNVSUl4am4wTStHWVdRbEhZdUJDdExXN0lYMDIwejcwNkw4Y1JGWTBoTlpFVlJ0NlIyOFVNMktzVjhWWTdPMXNNVEdzVEhldUJvRXN6R2t6SGN3eXFEQ1Z1MUZRQUZBQUFBQUFBQUFBQUFBQUFBQUFBQUFBQUFBQUFBQUFBQUFBQUFBQUFBQUFBQUFBQUFBQUFBQUFBQUFBQUFBQUFBQUFBQUFBQUFBQUFBZkRlYit6L0Y5QTh5bUkxdHQ1dzVxL3M1YVZ0L0RhWG5qWTV0ZVg0WTE0MWlhL05MMVAxZnNvNWowdHpuWnpHczVkbm5pbW4zb3BOcWZ4UkR5WnNiNllMVSs3YWZwV01kdHE5dFpVWko0SjJsWGFlRXF3ckdBVm5WVm5uN09pelZyNXJheURiNWZiaGFydHp5TzIzeGVmODIzc3h3Mit6cGpyYnV0bHk2ekg3dEhUbXl0cGVZNzNvcnlVNVRiWjlNN2ptdVdOTDgyM0U1TVhmOEhESHdhVDdMVDRwSVk5ZGt6N3phMi91ejdXcitkSzNGbmlrekUrN1BwYWFmTytZZXhubUhSdlVtMHJHdDdiSExscFdQVGJGWDQwZnlPcGYrM1haNjVlZjcrWTkydTJ3VW45YWN0N2Z5MWQ5Yml1SFBhK0xKSGp3NXFUanlSMzF0RTF0SHpTNjQ4b2VtYzNTL0srYzdIZFZtTTllYVo4UGluODdIZ2ltUEhhUFZiak1lMW5wZVhZajUzcVBKNHQxdGNQM2Eydk1mclRFUi9LK2lmS2M4dDR1Y2FmY3gwajZiVy9LNTlhYWJQTHErUFBUMWNmbWM5VnduS2VPU1o3cXVhcW5Pa1R0T2xMVDZsV0wzVXNzNlk1OWZCSEg3cTNZdGhPRUlUaFJPRW83RUlUaFJ0NC9jaE5YaTl5Rml4QUJScDVvMHlTZ3QzSHYvSXFZcW9XUlR0MklLQUFvQUFBQUFBQUFBQUFBQUFBQUFBQUFBQUFBQUFBQUFBQUFBQUFBQUFBQUFBQUFBQUFBQUFBQUFBQUFBQUFBQUFBQUFBQUFBQUFBQUFBQ09TbGN1TzJPOGExdkUxdEhxbU5KZU4vZ1cyZTgzZXp2NzJESmJIUHRwYWF6OVQyVThuZGE3UC9BSmQxdnp6YTlrVHVzdVdzZm81cCtQV1BtdXNaNjA0ZVpRbVdabEdaVnpRMVkxWTFZMUdtWm5TR3ZlZFpXMm5nb21ZNHpQWkhhRGt1bnVVYnZuL090bnlYWXhQeDk3a2pINC91VTdjbVdmVlNrVFo2ODJHMjJ2S2VYYmJsMnlyNGR2dGNWTU8zcDNVcEhock0rdWUyZlc2eDhvdWlyOGc1YmJxRG1XS2FjMjVwamlNT0s4YVd3YlNkTFJFeDZMNXRJdFA2T2tlbVhac2F6eGxaQmZXMXA3WjlxeXNxYXJZNEtKNnM4SXRNL2U0elBmUHIrUkdKWjlDV0xFbngvT0ovNjFuanVyVCtXSDJFVHErTjUzdzUzbTlkTWY4QUs1ZDYvbHR5ZkorTnNuc2h6TlpjSnlXZU9UMlE1cXNwTkl4bnR3clh2WXh5cXpYOFdYVHVUcEo4UnNRbkN1c3JJVVRoT0ZjSndvMjhYdVFuQ3ZGUDJJV2F0UkdRRkdydVBmOEFrVlN0M0g5ejVGTEYyckZrRXJJZ0FLb0FBQUFBQUFBQUFBQUFBQUFBQUFBQUFBQUFBQUFBQUFBQUFBQUFBQUFBQUFBQUFBQUFBQUFBQUFBQUFBQUFBQUFBQUFBQUFBQUFBQUE4MWVjdTEvQzlmNXMybW40dmI0TTN0MHI4RC9kUFNyb2p6LzJYdytaOGo1bkVjTTJITnRyVDY4VjY1Sy8vQUpaV2JaNjA2cG1VWmxtWlFtVllRbWVNc2FzVFBHVVpuVGpQWUtYbmc3TjhxL0x5ZWE1c1hWSFBzUDhBMHZEYnhjdjJtU1ArS3lWbis3ZUovd0RKcFA3MCtyVkR5Nzh0TW5PNXhjOTZpeFd4Y29pWXZ0ZG5iV3Q5M3AyWHY2YTRmcHQ2T0hGM3RTdGExclNsWXJTa1JXbEt4RmExcldOSzFyV09FUkVka0xnVzZ6YTAydE9zenhtVmxWZFZ0ZTJGRitPbnBsWmFOWTliRUpRQ0hZbEVzekVTakFKYTZTK1A2aCt6em1aKzlpcFAxeCtSOWc0em0zS01YTXF4a3JNWTkzampUSGw5RXg5eS9xOWZvYysrY3p4cVZ4bko4bWxyK3VJYzFHV0lqWHVmTzh2akx0OXhrd1o2emp5MGpTMUovd0RIR1BXNU8rYjdNVjcrMXpsOFZzVnY0cnpQZTJLeTBjTm01V2VBclpyS3lKVVVsYldXb2kyRTRWd25FcU5pbHRJV1JaUldlQ1VXVkYzaVo4U3JWblVGZWJqZlZVc3QyeXJsS0kyUlpudFlGQUZVQUFBQUFBQUFBQUFBQUFBQUFBQUFBQUFBQUFBQUFBQUFBQUFBQUFBQUFBQUFBQUFBQUFBQUFBQUFBQUFBQUFBQUFBQUFBQUFBQUFBQWRWZWZXeStOMHRzZDdXTmJiWGUxaVo3cTVjZVNzL3hSVjJxK1A4MHRoSE1PZytjWTlOYlljZGR6U2U2Y042NUpuOTJza1M2ZVhvbldzVDZrWmxpay9ZajVtMXl6bG0rNTF6RGI4cTVaaG5Qdk4xYndZc2NUcEhmYTFwOUZheHhtZTVwaHA2V3ZldU9sWnZlOHhXbEt4TnJXdFBDSzFySEdabDNEMEw1VXhndGo1djFiaXJmTkdsdHR5aTJscVU5TVgzV252Vy8rMzJSK2QzUHAralBMN2xmU1ZZM1dTYTc3bk5vMHliNlkremoxN2FiV3R2ZGo5TDNwOVhZK3hoY0NjYXlzcWhWT0ZFNFdWN1lWd3NySEVHekVwd3Jqc1RnRWtQVEtjSVR3a0VqdFloa0d0dXRwaTNNUk5vMHlWalNtU1BlaUo5SHJqMU9EM1ZjMjJ6eGp5eHBFeDlpMGU3YjJTK20wVjVzR1BQU2NlV3NXcFBiRS9XeDF4bjZWcVhEZzhOK3h2NDdOUGNiUEpzclJhSm0yQzA2VnRQYkU5MWx1RytyajdQSzAzNkxvbHJVbGRFdFFYeEtjS3F5bkVxaTZzcEs0bEtKVkU5V2RVZFJSaVpRbG1VWlJVWjdXRDB5QUFLb0FBQUFBQUFBQUFBQUFBQUFBQUFBQUFBQUFBQUFBQUFBQUFBQUFBQUFBQUFBQUFBQUFBQUFBQUFBQUFBQUFBQUFBQUFBQUFBQUFBQUEwK2NiT09ZOHAzL0w1alg4WHQ4MkRUL0VwYW41VzRBOFVVMWlKclBDWW5qRDdIeXQzdE5sMTV5djRreEZkMUdiWjZ6NkxaOGRxMS9palJ3M1ZleS81WjFWenJZeEhocGgzbWFNY2RuMkp2TnFmd3pEamRwdk1uTHQ3dGVZNHY3bXp6WTl4VFR0MXgyaS81R21IcjNGOE9LNlRqck05OHh4VzZiZWUzRkh5TlhEdU1XNXBUYzRKaWNPNHBYTmltT01lREpXTWxmb3NzOFRRdjhHMzlGWmlmYVJURjY0VlJLeUpFV1JqeDk4cksxcEhaUDBLWWxPQVhSRWQvd0JDVVZqNzMwSzRsT0FXeGpwTWNja3hQcWhMNFdIMDVMVDhrSzRTZ0U0dzRJL090OURQdzhFZmUrZUVHZFFZbWxZbmgySFo2VFZnSEdjOXpSVGEweCtuTGtpSS9aanhTNC9iMzdGZlVPNThXL3c3ZUovczA4Vm8vU3ZQRDZJVjdlL0NIbjd1ZTc5UEhTVHh6R09lQytzdFREYlhSczFrZ3ZyS3lGTlpXUkxTTFlTaVZjSlFvbkVzNm94SUFqTXN6S0ZwQWpzQ0JWQUFBQUFBQUFBQUFBQUFBQUFBQUFBQUFBQUFBQUFBQUFBQUFBQUFBQUFBQUFBQUFBQUFBQUFBQUFBQUFBQUFBQUFBQUFBQUFBQUFBQUFBQUFlWXZPUFl6c3V2dDVrMDhOTjdpdzdtbnIxcEdLMC92WTVmQlc3T0x1TC9BTGdkbDRPWjhrNWxFY00ySEx0N1cvd3IxdkVmN1dYVGxwYWpOMjlJK1YzTm81cDBUeTJiV2ljMnc4ZXd6UkU2ekh3WjF4NiszSGVyN0tKNHVrdkl6bTNnM3ZOK1JYdHczR0ttOTI5ZjA4TS9EeWZ3WDErUjNWRXFpK0pUaFZXVmtTb3NoT0pWd25FaUxZVGhWQ3lBV1FsQ0VKUUNRd3lBd1RMUjV0dXZ3Zkx0enVOZExSU2EwOWQ3L1pyOWFXNG1WajVIZGJtTjN6RGNibU9OYjVKaW42dGZzeDlUZDIxdXh3K0RoV0k3dURsTnRic2VYUHhkSE1ZTE55c3VQd1MzYVMyalpyS3lzcWF5c3JLaTJKU1FoS0pWRW1kVVFDVVo0ekVNektOZU5wbnVCSUJwUUFBQUFBQUFBQUFBQUFBQUFBQUFBQUFBQUFBQUFBQUFBQUFBQUFBQUFHQUdXQUdSZ0JsZ0FHV0FHUmdBQUFBQVpZQVpHR1FBQUFZQm5VWUFaQTFBRFVBQUFBQUFBQUFBQjFYNTliQ054MG50ZC9IdjdMZVUxbjlETFMxTGZ4UlY1MnRQQjZ1ODB0aitQNkI1M2kwMW5GaGpjVjlYd0wxelRQelVsNU9tZGF3c1pybk9pdWMxNUIxWnlubW1TZE1HUFBYSHVlT2tmQnpmMHN1djdOdFhxaVk4RnBwTTYrR1pqV095ZlhEeHJhZGVEMVQwVnptT2ZkS2NwNW5OdkhsdGdydDl6UFovVzIvOUcveitHTGZLMUN2cEt5dGlWRlpXMWxVWFZsT0ZWWldSSUxZVGhYQ2RSRmtKUWhDVUNwTTZvbW9oTXZsK3I5M3BUYTdHczhjbHB6WkkvUnA5bXY4QUZMNmFaZkI5Ulh5Wk9kNXB5UnBXdGFVeGV1a1JyRnZsbVhQOXR4ejkvR3VaNm93K2h5R0NkSmNmaG5zY2hoZWVPams4RnV4djQ3T053ejJON0ZMY1pibFpXeEtpc3JheW91aVVvbFhFcFEwSjZtcU9wcUpnbVdhUjluWHY0cTU0enAzclZnQUtvQUFBQUFBQUFBQUFBQUFBQUFBQUFBQUFBQUFBQUFBQUFBQUFBQUFBREFBQUFBQUFBQUFBQUFBQUFBQUFBQUFBQUFBQUFBQURJQUFBY1FBQUFBQWFQTzY3Sy9KdVkwNW5mNGV3dHRjMGJ6SnBNK0hET08zeExhUkV6d3JyNkhpM2NVcml6WmNXSEpHNHhZNzJyajNGSXRXdVNzVE1SZXRja1Z0RVdqanhpSkJZalhuVjNyNUdaTi9QSWVaNHMySzBiQ04xVyswM0V6R2s1ZkJGYytPdGRmRjJlQzJ1bW55Z3BkTzFxNnJhNmcwejhWdFZrQUlzcW5BQXNoS0FGWllBRUxhLzUzeWZWMWR2K00yOXNkNCtOOFBUSlNJbjNOWjhGdGV6dkJ5L2IrTFhMaU1PdkJ5R0hVSENOdC9GcTNzV29OeEczVFhSZFVGUlpDY0FveXhJQXhUMytQeUxBYWdBS0FBQUFBQUFBQUFBQUFBQUFQL1oiIC8+PC9wPg==;;YmFubmVyLXRvcC5qcGc=;checkout.php;LCw=;;;;;;;;;;;;;;;;;;;;;;;;;
Obchod:2;obchod;1513645255;;PGRpdiBjbGFzcz0iYmFubmVyIGJhbm5lci10b3AiPjxpbWcgc3JjPSIvdGVtcGxhdGVzL3Jvc2VtYXJ5L2Fzc2V0cy9pbWFnZXMvYmFubmVycy9iYW5uZXItdG9wLmpwZyIgYWx0PSJCYW5uZXIiIC8+DQo8ZGl2IGNsYXNzPSJiYW5uZXItY29udGVudCI+DQo8aDI+dSZzY2Fyb247ZXTFmWV0ZTxiciAvPm5hIGRvbSZhYWN1dGU7YyZpYWN1dGU7IGRla29yY2k8L2gyPg0KPGEgY2xhc3M9ImFjdGlvbi1saW5rIiBocmVmPSIjIj5Lb3VwaXQgbnluJmlhY3V0ZTs8L2E+PC9kaXY+DQo8L2Rpdj4=;;;shop.php;LCw=;;;;;;;;;;;;;;;;;;;;;;
O nás:3;o-nas;1513526260;;;;;about.php;LCw=;;;;;;;;;;;;;;;;;;;;;;;;;;;;;
Úvod:1;uvod;1513526248;;;;;;LCw=;;;;;;;;;;;;;;;;;;;;;;;;;;;;;;
Checkout:3:2;checkout;1513527357;gb:objednavka;;;;checkout.php;LCw=;;;;;;;;;;;;;;;;;;;;;;;;;;;
Home:1;home;1513526236;gb:home;;;;;LCw=;;;;;;;;;;;;;;;;;;;;;;;;;;;;;;;;
About us:3;about-us;1513526269;gb:o-nas;;;;about.php;LCw=;;;;;;;;;;;;;;;;;;;;;;;;;;;;;
Contact:4;contact;1513526288;gb:contact;;;;contact.php;LCw=;;;;;;;;;;;;;;;;;;;;;;;;;;;;
Shop:2;shop;1513645219;gb:obchod;PGRpdiBjbGFzcz0iYmFubmVyIGJhbm5lci10b3AiPjxpbWcgc3JjPSIvdGVtcGxhdGVzL3Jvc2VtYXJ5L2Fzc2V0cy9pbWFnZXMvYmFubmVycy9iYW5uZXItdG9wLmpwZyIgYWx0PSJCYW5uZXIiIC8+DQo8ZGl2IGNsYXNzPSJiYW5uZXItY29udGVudCI+DQo8aDI+U0F2ZSBiaWcgb248YnIgLz5Ib21lIERlY29yPC9oMj4NCjxhIGNsYXNzPSJhY3Rpb24tbGluayIgaHJlZj0iIyI+U2hvcCBub3c8L2E+PC9kaXY+DQo8L2Rpdj4=;;;shop.php;LCw=;;;;;;;;;;;;;;;;;;;;;;;
Nákupní košík:5;nakupni-kosik;1513689469;;;;;cart.php;LCw=;;;;;;;;;;;;;;;;;;;;
Cart;cart;1513689498;gb:nakupni-kosik;;;;cart.php;LCw=;;;;;;;;;;;;;;;;;;;;
Obchodní podmínky;obchodni-podminky;1555936488;;PHA+ZmlybXkmbmJzcDtEYWRvayAmbmRhc2g7IEdsb2JhbCBJbnRlcm5ldCBTb2x1dGlvbnMsPC9wPg0KPHA+c2UgcyZpYWN1dGU7ZGxlbSZuYnNwO05hIFYmeWFjdXRlO3NsdW4maWFjdXRlOyA0MzYvMTgsIDQxMiAwMSBMaXRvbcSbxZlpY2U8YnIgLz5pZGVudGlmaWthxI1uJmlhY3V0ZTsgxI0maWFjdXRlO3NsbzombmJzcDs3NjI1Njk2MTxiciAvPnBybyBwcm9kZWogemJvxb4maWFjdXRlOyBwcm9zdMWZZWRuaWN0diZpYWN1dGU7bSBvbi1saW5lIG9iY2hvZHUgdW0maWFjdXRlO3N0xJtuJmVhY3V0ZTtobyBuYSBpbnRlcm5ldG92JmVhY3V0ZTsgYWRyZXNlIE9iamVjdGl2ZS1jLmN6LjwvcD4NCjx1bCBjbGFzcz0ib2JjaG9kbmlfcG9kbWlua3kiPg0KPGxpPjEuICZVYWN1dGU7dm9kbiZpYWN1dGU7IHVzdGFub3ZlbiZpYWN1dGU7DQo8dWw+DQo8dWw+DQo8dWw+MS4xLjwvdWw+DQo8L3VsPg0KPC91bD4NCjxwPiZuYnNwOzwvcD4NCjx1bD4NCjx1bD4NCjxsaT5UeXRvIG9iY2hvZG4maWFjdXRlOyBwb2RtJmlhY3V0ZTtua3kgKGQmYWFjdXRlO2xlIGplbiAmYmRxdW87b2JjaG9kbiZpYWN1dGU7IHBvZG0maWFjdXRlO25reSZsZHF1bzspIGZpcm15Jm5ic3A7RGFkb2sgJm5kYXNoOyBHbG9iYWwgSW50ZXJuZXQgU29sdXRpb25zLCBzZSZuYnNwO3MmaWFjdXRlO2RsZW0gTmEgViZ5YWN1dGU7c2x1biZpYWN1dGU7IDQzNi8xOCwgNDEyMDEmbmJzcDtMaXRvbcSbxZlpY2UsIGlkZW50aWZpa2HEjW4maWFjdXRlOyDEjSZpYWN1dGU7c2xvOiA3NjI1Njk2MSwgemFwc2FuJmVhY3V0ZTsgdiBvYmNob2RuJmlhY3V0ZTttIHJlanN0xZkmaWFjdXRlO2t1IHZlZGVuJmVhY3V0ZTttIHUgS3JhanNrJmVhY3V0ZTtobyBzb3VkdSB2IE9zdHJhdsSbLCBvZGQmaWFjdXRlO2wgQiwgdmxvxb5rYSAxMDMyMCAoZCZhYWN1dGU7bGUgamVuICZiZHF1bztwcm9kJmFhY3V0ZTt2YWomaWFjdXRlO2MmaWFjdXRlOyZsZHF1bzspIHVwcmF2dWomaWFjdXRlOyB2Jm5ic3A7c291bGFkdSBzJm5ic3A7dXN0YW5vdmVuJmlhY3V0ZTttICZzZWN0OyAxNzUxIG9kc3QuIDEgeiZhYWN1dGU7a29uYSDEjS4gODkvMjAxMiBTYi4sIG9ixI1hbnNrJnlhY3V0ZTsgeiZhYWN1dGU7a29uJmlhY3V0ZTtrIChkJmFhY3V0ZTtsZSBqZW4gJmJkcXVvO29ixI1hbnNrJnlhY3V0ZTsgeiZhYWN1dGU7a29uJmlhY3V0ZTtrJmxkcXVvOykgdnomYWFjdXRlO2plbW4mYWFjdXRlOyBwciZhYWN1dGU7dmEgYSBwb3Zpbm5vc3RpIHNtbHV2biZpYWN1dGU7Y2ggc3RyYW4gdnpuaWtsJmVhY3V0ZTsgdiZuYnNwO3NvdXZpc2xvc3RpIG5lYm8gbmEgeiZhYWN1dGU7a2xhZMSbIGt1cG4maWFjdXRlOyBzbWxvdXZ5IChkJmFhY3V0ZTtsZSBqZW4gJmJkcXVvO2t1cG4maWFjdXRlOyBzbWxvdXZhJmxkcXVvOykgdXphdiZpYWN1dGU7cmFuJmVhY3V0ZTsgbWV6aSBwcm9kJmFhY3V0ZTt2YWomaWFjdXRlO2MmaWFjdXRlO20gYSZuYnNwO2ppbm91IGZ5emlja291IG9zb2JvdSAoZCZhYWN1dGU7bGUgamVuICZiZHF1bztrdXB1aiZpYWN1dGU7YyZpYWN1dGU7JmxkcXVvOykgcHJvc3TFmWVkbmljdHYmaWFjdXRlO20gaW50ZXJuZXRvdiZlYWN1dGU7aG8gb2JjaG9kdSBwcm9kJmFhY3V0ZTt2YWomaWFjdXRlO2MmaWFjdXRlO2hvLiBJbnRlcm5ldG92JnlhY3V0ZTsgb2JjaG9kIGplJm5ic3A7cHJvZCZhYWN1dGU7dmFqJmlhY3V0ZTtjJmlhY3V0ZTttIHByb3Zvem92JmFhY3V0ZTtuIG5hIHdlYm92JmVhY3V0ZTsgc3RyJmFhY3V0ZTtuY2UgdW0maWFjdXRlO3N0xJtuJmVhY3V0ZTsgbmEgaW50ZXJuZXRvdiZlYWN1dGU7IGFkcmVzZSBodHRwOi8vd3d3Lm9iamVjdGl2ZS1jei5jei8gKGQmYWFjdXRlO2xlIGplbiAmYmRxdW87d2Vib3YmYWFjdXRlOyBzdHImYWFjdXRlO25rYSZsZHF1bzspLCBhIHRvIHByb3N0xZllZG5pY3R2JmlhY3V0ZTttIHJvemhyYW4maWFjdXRlOyB3ZWJvdiZlYWN1dGU7IHN0ciZhYWN1dGU7bmt5IChkJmFhY3V0ZTtsZSBqZW4gJmJkcXVvO3dlYm92JmVhY3V0ZTsgcm96aHJhbiZpYWN1dGU7IG9iY2hvZHUmbGRxdW87KS48L2xpPg0KPC91bD4NCjwvdWw+DQo8cD4xLjIuPC9wPg0KPHVsPg0KPHVsPg0KPGxpPk9iY2hvZG4maWFjdXRlOyBwb2RtJmlhY3V0ZTtua3kgc2UgbmV2enRhaHVqJmlhY3V0ZTsgbmEgcMWZJmlhY3V0ZTtwYWR5LCBrZHkgb3NvYmEsIGt0ZXImYWFjdXRlOyBtJmFhY3V0ZTsgdiAmdWFjdXRlO215c2x1IG5ha291cGl0IHpib8W+JmlhY3V0ZTsgb2QgcHJvZCZhYWN1dGU7dmFqJmlhY3V0ZTtjJmlhY3V0ZTtobywgamUgcHImYWFjdXRlO3ZuaWNrb3Ugb3NvYm91IMSNaSBvc29ib3UsIGplxb4gamVkbiZhYWN1dGU7IHDFmWkgb2JqZWRuJmFhY3V0ZTt2JmFhY3V0ZTtuJmlhY3V0ZTsgemJvxb4maWFjdXRlOyB2IHImYWFjdXRlO21jaSBzdiZlYWN1dGU7IHBvZG5pa2F0ZWxzayZlYWN1dGU7IMSNaW5ub3N0aSBuZWJvIHYmbmJzcDtyJmFhY3V0ZTttY2kgc3YmZWFjdXRlO2hvIHNhbW9zdGF0biZlYWN1dGU7aG8gdiZ5YWN1dGU7a29udSBwb3ZvbCZhYWN1dGU7biZpYWN1dGU7LjwvbGk+DQo8L3VsPg0KPC91bD4NCjxwPjEuMy48L3A+DQo8dWw+DQo8dWw+DQo8bGk+VXN0YW5vdmVuJmlhY3V0ZTsgb2RjaHlsbiZhYWN1dGU7IG9kIG9iY2hvZG4maWFjdXRlO2NoIHBvZG0maWFjdXRlO25layBqZSBtb8W+biZlYWN1dGU7IHNqZWRuYXQgdiBrdXBuJmlhY3V0ZTsgc21sb3V2xJsuIE9kY2h5bG4mYWFjdXRlOyB1amVkbiZhYWN1dGU7biZpYWN1dGU7IHYga3VwbiZpYWN1dGU7IHNtbG91dsSbIG1haiZpYWN1dGU7IHDFmWVkbm9zdCBwxZllZCB1c3Rhbm92ZW4maWFjdXRlO21pIG9iY2hvZG4maWFjdXRlO2NoIHBvZG0maWFjdXRlO25lay48L2xpPg0KPC91bD4NCjwvdWw+DQo8cD4xLjQuPC9wPg0KPHVsPg0KPHVsPg0KPGxpPlVzdGFub3ZlbiZpYWN1dGU7IG9iY2hvZG4maWFjdXRlO2NoIHBvZG0maWFjdXRlO25layBqc291IG5lZCZpYWN1dGU7bG5vdSBzb3XEjSZhYWN1dGU7c3QmaWFjdXRlOyBrdXBuJmlhY3V0ZTsgc21sb3V2eS4gS3VwbiZpYWN1dGU7IHNtbG91dmEgYSZuYnNwO29iY2hvZG4maWFjdXRlOyBwb2RtJmlhY3V0ZTtua3kganNvdSB2eWhvdG92ZW55IHYgxI1lc2smZWFjdXRlO20gamF6eWNlLiBLdXBuJmlhY3V0ZTsgc21sb3V2dSBsemUgdXphdsWZJmlhY3V0ZTt0IHYmbmJzcDvEjWVzayZlYWN1dGU7bSBqYXp5Y2UuPC9saT4NCjwvdWw+DQo8L3VsPg0KPHA+MS41LjwvcD4NCjx1bD4NCjxsaT5absSbbiZpYWN1dGU7IG9iY2hvZG4maWFjdXRlO2NoIHBvZG0maWFjdXRlO25layBtxa/FvmUgcHJvZCZhYWN1dGU7dmFqJmlhY3V0ZTtjJmlhY3V0ZTsgbcSbbml0IMSNaSBkb3BsxYhvdmF0LiBUJmlhY3V0ZTttdG8gdXN0YW5vdmVuJmlhY3V0ZTttIG5lanNvdSBkb3TEjWVuYSBwciZhYWN1dGU7dmEgYSBwb3Zpbm5vc3RpIHZ6bmlrbCZhYWN1dGU7IHBvIGRvYnUgJnVhY3V0ZTvEjWlubm9zdGkgcMWZZWRjaG96JmlhY3V0ZTtobyB6bsSbbiZpYWN1dGU7IG9iY2hvZG4maWFjdXRlO2NoIHBvZG0maWFjdXRlO25lay48L2xpPg0KPC91bD4NCjwvbGk+DQo8bGk+Mi4gVcW+aXZhdGVsc2smeWFjdXRlOyAmdWFjdXRlO8SNZXQNCjx1bD4NCjx1bD4NCjx1bD4yLjEuPC91bD4NCjwvdWw+DQo8L3VsPg0KPHA+Jm5ic3A7PC9wPg0KPHVsPg0KPHVsPg0KPGxpPk5hIHomYWFjdXRlO2tsYWTEmyByZWdpc3RyYWNlIGt1cHVqJmlhY3V0ZTtjJmlhY3V0ZTtobyBwcm92ZWRlbiZlYWN1dGU7IG5hIHdlYm92JmVhY3V0ZTsgc3RyJmFhY3V0ZTtuY2UgbcWvxb5lIGt1cHVqJmlhY3V0ZTtjJmlhY3V0ZTsgcMWZaXN0dXBvdmF0IGRvJm5ic3A7c3YmZWFjdXRlO2hvIHXFvml2YXRlbHNrJmVhY3V0ZTtobyByb3pocmFuJmlhY3V0ZTsuIFplJm5ic3A7c3YmZWFjdXRlO2hvIHXFvml2YXRlbHNrJmVhY3V0ZTtobyByb3pocmFuJmlhY3V0ZTsgbcWvxb5lIGt1cHVqJmlhY3V0ZTtjJmlhY3V0ZTsgcHJvdiZhYWN1dGU7ZMSbdCBvYmplZG4mYWFjdXRlO3YmYWFjdXRlO24maWFjdXRlOyB6Ym/FviZpYWN1dGU7IChkJmFhY3V0ZTtsZSBqZW4gJmJkcXVvO3XFvml2YXRlbHNrJnlhY3V0ZTsgJnVhY3V0ZTvEjWV0JmxkcXVvOykuIFYmbmJzcDtwxZkmaWFjdXRlO3BhZMSbLCDFvmUgdG8gd2Vib3YmZWFjdXRlOyByb3pocmFuJmlhY3V0ZTsgb2JjaG9kdSB1bW/FvsWIdWplLCBtxa/FvmUga3VwdWomaWFjdXRlO2MmaWFjdXRlOyBwcm92JmFhY3V0ZTtkxJt0IG9iamVkbiZhYWN1dGU7diZhYWN1dGU7biZpYWN1dGU7IHpib8W+JmlhY3V0ZTsgdCZlYWN1dGU7xb4gYmV6IHJlZ2lzdHJhY2UgcMWZJmlhY3V0ZTttbyB6Jm5ic3A7d2Vib3YmZWFjdXRlO2hvIHJvemhyYW4maWFjdXRlOyBvYmNob2R1LjwvbGk+DQo8L3VsPg0KPC91bD4NCjxwPjIuMi48L3A+DQo8dWw+DQo8dWw+DQo8bGk+UMWZaSByZWdpc3RyYWNpIG5hIHdlYm92JmVhY3V0ZTsgc3RyJmFhY3V0ZTtuY2UgYSBwxZlpIG9iamVkbiZhYWN1dGU7diZhYWN1dGU7biZpYWN1dGU7IHpib8W+JmlhY3V0ZTsgamUmbmJzcDtrdXB1aiZpYWN1dGU7YyZpYWN1dGU7IHBvdmluZW4gdXYmYWFjdXRlO2TEm3Qgc3ByJmFhY3V0ZTt2bsSbIGEmbmJzcDtwcmF2ZGl2xJsgdiZzY2Fyb247ZWNobnkgJnVhY3V0ZTtkYWplLiAmVWFjdXRlO2RhamUgdXZlZGVuJmVhY3V0ZTsgdiB1xb5pdmF0ZWxzayZlYWN1dGU7bSAmdWFjdXRlO8SNdHUgamUga3VwdWomaWFjdXRlO2MmaWFjdXRlOyBwxZlpIGphayZlYWN1dGU7a29saXYgamVqaWNoIHptxJtuxJsgcG92aW5lbiBha3R1YWxpem92YXQuICZVYWN1dGU7ZGFqZSB1dmVkZW4mZWFjdXRlOyBrdXB1aiZpYWN1dGU7YyZpYWN1dGU7bSB2Jm5ic3A7dcW+aXZhdGVsc2smZWFjdXRlO20gJnVhY3V0ZTvEjXR1IGEgcMWZaSBvYmplZG4mYWFjdXRlO3YmYWFjdXRlO24maWFjdXRlOyB6Ym/FviZpYWN1dGU7IGpzb3UgcHJvZCZhYWN1dGU7dmFqJmlhY3V0ZTtjJmlhY3V0ZTttIHBvdmHFvm92JmFhY3V0ZTtueSB6YSZuYnNwO3NwciZhYWN1dGU7dm4mZWFjdXRlOy48L2xpPg0KPC91bD4NCjwvdWw+DQo8cD4yLjMuPC9wPg0KPHVsPg0KPHVsPg0KPGxpPlDFmSZpYWN1dGU7c3R1cCBrIHXFvml2YXRlbHNrJmVhY3V0ZTttdSAmdWFjdXRlO8SNdHUgamUgemFiZXpwZcSNZW4gdcW+aXZhdGVsc2smeWFjdXRlO20gam0mZWFjdXRlO25lbSBhIGhlc2xlbS4gS3VwdWomaWFjdXRlO2MmaWFjdXRlOyBqZSZuYnNwO3BvdmluZW4gemFjaG92JmFhY3V0ZTt2YXQgbWzEjWVubGl2b3N0IG9obGVkbsSbIGluZm9ybWFjJmlhY3V0ZTsgbmV6Ynl0biZ5YWN1dGU7Y2ggayBwxZkmaWFjdXRlO3N0dXB1IGRvIGplaG8gdcW+aXZhdGVsc2smZWFjdXRlO2hvICZ1YWN1dGU7xI10dS48L2xpPg0KPC91bD4NCjwvdWw+DQo8cD4yLjQuPC9wPg0KPHVsPg0KPHVsPg0KPGxpPkt1cHVqJmlhY3V0ZTtjJmlhY3V0ZTsgbmVuJmlhY3V0ZTsgb3ByJmFhY3V0ZTt2bsSbbiB1bW/Fvm5pdCB2eXXFviZpYWN1dGU7diZhYWN1dGU7biZpYWN1dGU7IHXFvml2YXRlbHNrJmVhY3V0ZTtobyAmdWFjdXRlO8SNdHUgdMWZZXQmaWFjdXRlO20gb3NvYiZhYWN1dGU7bS48L2xpPg0KPC91bD4NCjwvdWw+DQo8cD4yLjUuPC9wPg0KPHVsPg0KPHVsPg0KPGxpPlByb2QmYWFjdXRlO3ZhaiZpYWN1dGU7YyZpYWN1dGU7IG3Fr8W+ZSB6cnUmc2Nhcm9uO2l0IHXFvml2YXRlbHNrJnlhY3V0ZTsgJnVhY3V0ZTvEjWV0LCBhIHRvIHplam0mZWFjdXRlO25hIHYgcMWZJmlhY3V0ZTtwYWTEmywga2R5IGt1cHVqJmlhY3V0ZTtjJmlhY3V0ZTsgc3bFr2ogdcW+aXZhdGVsc2smeWFjdXRlOyAmdWFjdXRlO8SNZXQgZCZlYWN1dGU7bGUgbmXFviAzIHJva3kgbmV2eXXFviZpYWN1dGU7diZhYWN1dGU7LCDEjWkgdiBwxZkmaWFjdXRlO3BhZMSbLCBrZHkga3VwdWomaWFjdXRlO2MmaWFjdXRlOyBwb3J1JnNjYXJvbjsmaWFjdXRlOyBzdiZlYWN1dGU7IHBvdmlubm9zdGkgeiZuYnNwO2t1cG4maWFjdXRlOyBzbWxvdXZ5ICh2xI1ldG7EmyBvYmNob2RuJmlhY3V0ZTtjaCBwb2RtJmlhY3V0ZTtuZWspLjwvbGk+DQo8L3VsPg0KPC91bD4NCjxwPjIuNi48L3A+DQo8dWw+DQo8bGk+S3VwdWomaWFjdXRlO2MmaWFjdXRlOyBiZXJlIG5hIHbEm2RvbSZpYWN1dGU7LCDFvmUgdcW+aXZhdGVsc2smeWFjdXRlOyAmdWFjdXRlO8SNZXQgbmVtdXMmaWFjdXRlOyBiJnlhY3V0ZTt0IGRvc3R1cG4meWFjdXRlOyBuZXDFmWV0csW+aXTEmywgYSZuYnNwO3RvJm5ic3A7emVqbSZlYWN1dGU7bmEgcyZuYnNwO29obGVkZW0gbmEgbnV0bm91ICZ1YWN1dGU7ZHLFvmJ1IGhhcmR3YXJvdiZlYWN1dGU7aG8gYSBzb2Z0d2Fyb3YmZWFjdXRlO2hvIHZ5YmF2ZW4maWFjdXRlOyBwcm9kJmFhY3V0ZTt2YWomaWFjdXRlO2MmaWFjdXRlO2hvLCBwb3DFmS4gbnV0bm91ICZ1YWN1dGU7ZHLFvmJ1IGhhcmR3YXJvdiZlYWN1dGU7aG8gYSBzb2Z0d2Fyb3YmZWFjdXRlO2hvIHZ5YmF2ZW4maWFjdXRlOyB0xZlldCZpYWN1dGU7Y2ggb3NvYi48L2xpPg0KPC91bD4NCjwvbGk+DQo8bGk+My4gVXphdsWZZW4maWFjdXRlOyBrdXBuJmlhY3V0ZTsgc21sb3V2eQ0KPHVsPg0KPHVsPg0KPHVsPjMuMS48L3VsPg0KPC91bD4NCjwvdWw+DQo8cD4mbmJzcDs8L3A+DQo8dWw+DQo8dWw+DQo8bGk+VmUmc2Nhcm9uO2tlciZhYWN1dGU7IHByZXplbnRhY2UgemJvxb4maWFjdXRlOyB1bSZpYWN1dGU7c3TEm24mYWFjdXRlOyB2ZSZuYnNwO3dlYm92JmVhY3V0ZTttIHJvemhyYW4maWFjdXRlOyBvYmNob2R1IGplIGluZm9ybWF0aXZuJmlhY3V0ZTtobyBjaGFyYWt0ZXJ1IGEmbmJzcDtwcm9kJmFhY3V0ZTt2YWomaWFjdXRlO2MmaWFjdXRlOyBuZW4maWFjdXRlOyBwb3ZpbmVuIHV6YXbFmSZpYWN1dGU7dCBrdXBuJmlhY3V0ZTsgc21sb3V2dSBvaGxlZG7EmyB0b2hvdG8gemJvxb4maWFjdXRlOy4gVXN0YW5vdmVuJmlhY3V0ZTsgJnNlY3Q7IDE3MzIgb2RzdC4gMiBvYsSNYW5zayZlYWN1dGU7aG8geiZhYWN1dGU7a29uJmlhY3V0ZTtrdSBzZSBuZXBvdcW+aWplLjwvbGk+DQo8L3VsPg0KPC91bD4NCjxwPjMuMi48L3A+DQo8dWw+DQo8dWw+DQo8bGk+V2Vib3YmZWFjdXRlOyByb3pocmFuJmlhY3V0ZTsgb2JjaG9kdSBvYnNhaHVqZSBpbmZvcm1hY2UgbyB6Ym/FviZpYWN1dGU7LCBhJm5ic3A7dG8mbmJzcDt2xI1ldG7EmyB1dmVkZW4maWFjdXRlOyBjZW4gamVkbm90bGl2JmVhY3V0ZTtobyB6Ym/FviZpYWN1dGU7IGEgbiZhYWN1dGU7a2xhZMWvIHphIG5hdnImYWFjdXRlO2NlbiZpYWN1dGU7IHpib8W+JmlhY3V0ZTssIGplc3RsacW+ZSB0b3RvIHpib8W+JmlhY3V0ZTsgemUgc3YmZWFjdXRlOyBwb2RzdGF0eSBuZW3Fr8W+ZSBiJnlhY3V0ZTt0IG5hdnImYWFjdXRlO2Nlbm8gb2J2eWtsb3UgcG8mc2Nhcm9uO3Rvdm4maWFjdXRlOyBjZXN0b3UuIENlbnkgemJvxb4maWFjdXRlOyBqc291IHV2ZWRlbnkgdsSNZXRuxJsgZGFuxJsgeiZuYnNwO3DFmWlkYW4mZWFjdXRlOyBob2Rub3R5IGEgdiZzY2Fyb247ZWNoIHNvdXZpc2VqJmlhY3V0ZTtjJmlhY3V0ZTtjaCBwb3BsYXRrxa8uIENlbnkgemJvxb4maWFjdXRlOyB6xa9zdCZhYWN1dGU7dmFqJmlhY3V0ZTsgdiZuYnNwO3BsYXRub3N0aSBwbyZuYnNwO2RvYnUsIGtkeSBqc291IHpvYnJhem92JmFhY3V0ZTtueSB2ZSB3ZWJvdiZlYWN1dGU7bSByb3pocmFuJmlhY3V0ZTsgb2JjaG9kdS4gVCZpYWN1dGU7bXRvIHVzdGFub3ZlbiZpYWN1dGU7bSBuZW4maWFjdXRlOyBvbWV6ZW5hIG1vxb5ub3N0IHByb2QmYWFjdXRlO3ZhaiZpYWN1dGU7YyZpYWN1dGU7aG8gdXphdsWZJmlhY3V0ZTt0IGt1cG4maWFjdXRlOyBzbWxvdXZ1IHphJm5ic3A7aW5kaXZpZHUmYWFjdXRlO2xuxJsgc2plZG5hbiZ5YWN1dGU7Y2ggcG9kbSZpYWN1dGU7bmVrLjwvbGk+DQo8L3VsPg0KPC91bD4NCjxwPjMuMi48L3A+DQo8dWw+DQo8dWw+DQo8bGk+V2Vib3YmZWFjdXRlOyByb3pocmFuJmlhY3V0ZTsgb2JjaG9kdSBvYnNhaHVqZSB0YWsmZWFjdXRlOyBpbmZvcm1hY2UgbyZuYnNwO24mYWFjdXRlO2tsYWRlY2ggc3BvamVuJnlhY3V0ZTtjaCBzJm5ic3A7ZG9kJmFhY3V0ZTtuJmlhY3V0ZTttIHpib8W+JmlhY3V0ZTsuIEluZm9ybWFjZSBvIG4mYWFjdXRlO2tsYWRlY2ggc3BvamVuJnlhY3V0ZTtjaCBzIGRvZCZhYWN1dGU7biZpYWN1dGU7bSB6Ym/FviZpYWN1dGU7IHV2ZWRlbiZlYWN1dGU7IHZlJm5ic3A7d2Vib3YmZWFjdXRlO20gcm96aHJhbiZpYWN1dGU7IG9iY2hvZHUgcGxhdCZpYWN1dGU7IHBvdXplIHYgcMWZJmlhY3V0ZTtwYWRlY2gsIGtkeSBqZSB6Ym/FviZpYWN1dGU7IGRvcnXEjW92JmFhY3V0ZTtubyB2IHImYWFjdXRlO21jaSAmdWFjdXRlO3plbSZpYWN1dGU7IMSMZXNrJmVhY3V0ZTsgcmVwdWJsaWt5LjwvbGk+DQo8L3VsPg0KPC91bD4NCjxwPjMuMi48L3A+DQo8dWw+DQo8dWw+DQo8bGk+UHJvIG9iamVkbiZhYWN1dGU7biZpYWN1dGU7IHpib8W+JmlhY3V0ZTsgdnlwbG4maWFjdXRlOyBrdXB1aiZpYWN1dGU7YyZpYWN1dGU7IG9iamVkbiZhYWN1dGU7dmtvdiZ5YWN1dGU7IGZvcm11bCZhYWN1dGU7xZkgdmUmbmJzcDt3ZWJvdiZlYWN1dGU7bSByb3pocmFuJmlhY3V0ZTsgb2JjaG9kdS4gT2JqZWRuJmFhY3V0ZTt2a292JnlhY3V0ZTsgZm9ybXVsJmFhY3V0ZTvFmSBvYnNhaHVqZSB6ZWptJmVhY3V0ZTtuYSBpbmZvcm1hY2UgbzoNCjx1bD4NCjx1bD4NCjx1bD4zLjMuMS48L3VsPg0KPC91bD4NCjwvdWw+DQo8cD4mbmJzcDs8L3A+DQo8dWw+DQo8dWw+DQo8bGk+b2JqZWRuJmFhY3V0ZTt2YW4mZWFjdXRlO20gemJvxb4maWFjdXRlOyAob2JqZWRuJmFhY3V0ZTt2YW4mZWFjdXRlOyB6Ym/FviZpYWN1dGU7ICZiZHF1bzt2bG/FviZpYWN1dGU7JmxkcXVvOyBrdXB1aiZpYWN1dGU7YyZpYWN1dGU7IGRvIGVsZWt0cm9uaWNrJmVhY3V0ZTtobyBuJmFhY3V0ZTtrdXBuJmlhY3V0ZTtobyBrbyZzY2Fyb247JmlhY3V0ZTtrdSB3ZWJvdiZlYWN1dGU7aG8gcm96aHJhbiZpYWN1dGU7IG9iY2hvZHUpLDwvbGk+DQo8L3VsPg0KPC91bD4NCjxwPjMuMy4yLjwvcD4NCjx1bD4NCjx1bD4NCjxsaT56cMWvc29idSAmdWFjdXRlO2hyYWR5IGt1cG4maWFjdXRlOyBjZW55IHpib8W+JmlhY3V0ZTssICZ1YWN1dGU7ZGFqZSBvIHBvxb5hZG92YW4mZWFjdXRlO20genDFr3NvYnUgZG9ydcSNZW4maWFjdXRlOyBvYmplZG4mYWFjdXRlO3ZhbiZlYWN1dGU7aG8gemJvxb4maWFjdXRlOyBhPC9saT4NCjwvdWw+DQo8L3VsPg0KPHA+My4zLjMuPC9wPg0KPHVsPg0KPGxpPmluZm9ybWFjZSBvIG4mYWFjdXRlO2tsYWRlY2ggc3BvamVuJnlhY3V0ZTtjaCBzJm5ic3A7ZG9kJmFhY3V0ZTtuJmlhY3V0ZTttIHpib8W+JmlhY3V0ZTsgKGQmYWFjdXRlO2xlIHNwb2xlxI1uxJsgamVuIGpha28gJmJkcXVvO29iamVkbiZhYWN1dGU7dmthJmxkcXVvOykuPC9saT4NCjwvdWw+DQo8L2xpPg0KPC91bD4NCjwvdWw+DQo8cD4zLjQuPC9wPg0KPHVsPg0KPHVsPg0KPGxpPlDFmWVkIHphc2wmYWFjdXRlO24maWFjdXRlO20gb2JqZWRuJmFhY3V0ZTt2a3kgcHJvZCZhYWN1dGU7dmFqJmlhY3V0ZTtjJmlhY3V0ZTttdSBqZSBrdXB1aiZpYWN1dGU7YyZpYWN1dGU7bXUgdW1vxb5uxJtubyB6a29udHJvbG92YXQgYSBtxJtuaXQgJnVhY3V0ZTtkYWplLCBrdGVyJmVhY3V0ZTsgZG8mbmJzcDtvYmplZG4mYWFjdXRlO3ZreSBrdXB1aiZpYWN1dGU7YyZpYWN1dGU7IHZsb8W+aWwsIGEgdG8gaSBzJm5ic3A7b2hsZWRlbSBuYSBtb8W+bm9zdCBrdXB1aiZpYWN1dGU7YyZpYWN1dGU7aG8gemppJnNjYXJvbjvFpW92YXQgYSZuYnNwO29wcmF2b3ZhdCBjaHlieSB2em5pa2wmZWFjdXRlOyBwxZlpIHphZCZhYWN1dGU7diZhYWN1dGU7biZpYWN1dGU7IGRhdCBkbyBvYmplZG4mYWFjdXRlO3ZreS4gT2JqZWRuJmFhY3V0ZTt2a3Ugb2RlJnNjYXJvbjtsZSBrdXB1aiZpYWN1dGU7YyZpYWN1dGU7IHByb2QmYWFjdXRlO3ZhaiZpYWN1dGU7YyZpYWN1dGU7bXUga2xpa251dCZpYWN1dGU7bSBuYSB0bGHEjSZpYWN1dGU7dGtvICZiZHF1bztkb2tvbsSNaXQgb2JqZWRuJmFhY3V0ZTt2a3UmbGRxdW87LiAmVWFjdXRlO2RhamUgdXZlZGVuJmVhY3V0ZTsgdiBvYmplZG4mYWFjdXRlO3ZjZSBqc291IHByb2QmYWFjdXRlO3ZhaiZpYWN1dGU7YyZpYWN1dGU7bSBwb3Zhxb5vdiZhYWN1dGU7bnkgemEgc3ByJmFhY3V0ZTt2biZlYWN1dGU7LiBQcm9kJmFhY3V0ZTt2YWomaWFjdXRlO2MmaWFjdXRlOyBuZXByb2RsZW7EmyBwbyBvYmRyxb5lbiZpYWN1dGU7IG9iamVkbiZhYWN1dGU7dmt5IHRvdG8gb2JkcsW+ZW4maWFjdXRlOyBrdXB1aiZpYWN1dGU7YyZpYWN1dGU7bXUgcG90dnJkJmlhY3V0ZTsgZWxla3Ryb25pY2tvdSBwbyZzY2Fyb247dG91LCBhIHRvIG5hIGFkcmVzdSBlbGVrdHJvbmljayZlYWN1dGU7IHBvJnNjYXJvbjt0eSBrdXB1aiZpYWN1dGU7YyZpYWN1dGU7aG8gdXZlZGVub3UgdiZuYnNwO3XFvml2YXRlbHNrJmVhY3V0ZTttICZ1YWN1dGU7xI10dSDEjWkgdiBvYmplZG4mYWFjdXRlO3ZjZSAoZCZhYWN1dGU7bGUgamVuICZiZHF1bztlbGVrdHJvbmljayZhYWN1dGU7IGFkcmVzYSBrdXB1aiZpYWN1dGU7YyZpYWN1dGU7aG8mbGRxdW87KS48L2xpPg0KPC91bD4NCjwvdWw+DQo8cD4zLjUuPC9wPg0KPHVsPg0KPHVsPg0KPGxpPlByb2QmYWFjdXRlO3ZhaiZpYWN1dGU7YyZpYWN1dGU7IGplIHbFvmR5IG9wciZhYWN1dGU7dm7Em24gdiB6JmFhY3V0ZTt2aXNsb3N0aSBuYSBjaGFyYWt0ZXJ1IG9iamVkbiZhYWN1dGU7dmt5IChtbm/FvnN0diZpYWN1dGU7IHpib8W+JmlhY3V0ZTssIHYmeWFjdXRlOyZzY2Fyb247ZSBrdXBuJmlhY3V0ZTsgY2VueSwgcMWZZWRwb2tsJmFhY3V0ZTtkYW4mZWFjdXRlOyBuJmFhY3V0ZTtrbGFkeSBuYSBkb3ByYXZ1KSBwb8W+JmFhY3V0ZTtkYXQga3VwdWomaWFjdXRlO2MmaWFjdXRlO2hvIG8gZG9kYXRlxI1uJmVhY3V0ZTsgcG90dnJ6ZW4maWFjdXRlOyBvYmplZG4mYWFjdXRlO3ZreSAobmFwxZkmaWFjdXRlO2tsYWQgcCZpYWN1dGU7c2VtbsSbIMSNaSB0ZWxlZm9uaWNreSkuPC9saT4NCjwvdWw+DQo8L3VsPg0KPHA+My42LjwvcD4NCjx1bD4NCjx1bD4NCjxsaT5TbWx1dm4maWFjdXRlOyB2enRhaCBtZXppIHByb2QmYWFjdXRlO3ZhaiZpYWN1dGU7YyZpYWN1dGU7bSBhIGt1cHVqJmlhY3V0ZTtjJmlhY3V0ZTttIHZ6bmlrJmFhY3V0ZTsgZG9ydcSNZW4maWFjdXRlO20gcMWZaWpldCZpYWN1dGU7IG9iamVkbiZhYWN1dGU7dmt5IChha2NlcHRhYyZpYWN1dGU7KSwgamXFviBqZSZuYnNwO3Byb2QmYWFjdXRlO3ZhaiZpYWN1dGU7YyZpYWN1dGU7bSB6YXNsJmFhY3V0ZTtubyBrdXB1aiZpYWN1dGU7YyZpYWN1dGU7bXUgZWxla3Ryb25pY2tvdSBwbyZzY2Fyb247dG91LCBhIHRvIG5hIGFkcmVzdSBlbGVrdHJvbmljayZlYWN1dGU7IHBvJnNjYXJvbjt0eSBrdXB1aiZpYWN1dGU7YyZpYWN1dGU7aG8uPC9saT4NCjwvdWw+DQo8L3VsPg0KPHA+My43LjwvcD4NCjx1bD4NCjxsaT5LdXB1aiZpYWN1dGU7YyZpYWN1dGU7IHNvdWhsYXMmaWFjdXRlOyBzIHBvdcW+aXQmaWFjdXRlO20ga29tdW5pa2HEjW4maWFjdXRlO2NoIHByb3N0xZllZGvFryBuYSBkJmFhY3V0ZTtsa3UgcMWZaSB1emF2JmlhY3V0ZTtyJmFhY3V0ZTtuJmlhY3V0ZTsga3VwbiZpYWN1dGU7IHNtbG91dnkuIE4mYWFjdXRlO2tsYWR5IHZ6bmlrbCZlYWN1dGU7IGt1cHVqJmlhY3V0ZTtjJmlhY3V0ZTttdSBwxZlpIHBvdcW+aXQmaWFjdXRlOyBrb211bmlrYcSNbiZpYWN1dGU7Y2ggcHJvc3TFmWVka8WvIG5hIGQmYWFjdXRlO2xrdSB2Jm5ic3A7c291dmlzbG9zdGkgcyZuYnNwO3V6YXbFmWVuJmlhY3V0ZTttIGt1cG4maWFjdXRlOyBzbWxvdXZ5IChuJmFhY3V0ZTtrbGFkeSBuYSBpbnRlcm5ldG92JmVhY3V0ZTsgcMWZaXBvamVuJmlhY3V0ZTssIG4mYWFjdXRlO2tsYWR5IG5hJm5ic3A7dGVsZWZvbm4maWFjdXRlOyBob3ZvcnkpIHNpIGhyYWQmaWFjdXRlOyBrdXB1aiZpYWN1dGU7YyZpYWN1dGU7IHMmYWFjdXRlO20sIHDFmWnEjWVtxb4gdHl0byBuJmFhY3V0ZTtrbGFkeSBzZSBuZWxpJnNjYXJvbjsmaWFjdXRlOyBvZCB6JmFhY3V0ZTtrbGFkbiZpYWN1dGU7IHNhemJ5LjwvbGk+DQo8L3VsPg0KPC9saT4NCjxsaT40LiBDZW5hIHpib8W+JmlhY3V0ZTsgYSBQbGF0ZWJuJmlhY3V0ZTsgcG9kbSZpYWN1dGU7bmt5DQo8dWw+DQo8dWw+DQo8dWw+NC4xLjwvdWw+DQo8L3VsPg0KPC91bD4NCjxwPiZuYnNwOzwvcD4NCjx1bD4NCjx1bD4NCjxsaT5DZW51IHpib8W+JmlhY3V0ZTsgYSBwxZkmaWFjdXRlO3BhZG4mZWFjdXRlOyBuJmFhY3V0ZTtrbGFkeSBzcG9qZW4mZWFjdXRlOyBzIGRvZCZhYWN1dGU7biZpYWN1dGU7bSB6Ym/FviZpYWN1dGU7IGRsZSBrdXBuJmlhY3V0ZTsgc21sb3V2eSBtxa/FvmUga3VwdWomaWFjdXRlO2MmaWFjdXRlOyB1aHJhZGl0IHByb2QmYWFjdXRlO3ZhaiZpYWN1dGU7YyZpYWN1dGU7bXUgbiZhYWN1dGU7c2xlZHVqJmlhY3V0ZTtjJmlhY3V0ZTttaSB6cMWvc29ieTo8YnIgLz52IGhvdG92b3N0aSB2IHByb3Zvem92biZhYWN1dGU7Y2ggcHJvZCZhYWN1dGU7dmFqJmlhY3V0ZTtjJmlhY3V0ZTtobzs8YnIgLz52IGhvdG92b3N0aSBuYSBkb2ImaWFjdXRlO3JrdSB2IG0maWFjdXRlO3N0xJsgdXLEjWVuJmVhY3V0ZTttIGt1cHVqJmlhY3V0ZTtjJmlhY3V0ZTttIHYgb2JqZWRuJmFhY3V0ZTt2Y2U7PGJyIC8+YmV6aG90b3Zvc3RuxJsgcMWZZXZvZGVtIG5hICZ1YWN1dGU7xI1ldCBwcm9kJmFhY3V0ZTt2YWomaWFjdXRlO2MmaWFjdXRlO2hvIMSNLiAyMTEwNTc0NjEvMDMwMCwgdmVkZW4meWFjdXRlOyB1Jm5ic3A7c3BvbGXEjW5vc3RpIFBvJnNjYXJvbjt0b3ZuJmlhY3V0ZTsgc3BvxZkmaWFjdXRlO3RlbG5hJm5ic3A7KGQmYWFjdXRlO2xlIGplbiAmYmRxdW87JnVhY3V0ZTvEjWV0IHByb2QmYWFjdXRlO3ZhaiZpYWN1dGU7YyZpYWN1dGU7aG8mbGRxdW87KTs8YnIgLz5iZXpob3Rvdm9zdG7EmyBwcm9zdMWZZWRuaWN0diZpYWN1dGU7bSBwbGF0ZWJuJmlhY3V0ZTtobyBzeXN0JmVhY3V0ZTttdSBQYXlQYWwgbmVibyBHb1BheTs8YnIgLz5iZXpob3Rvdm9zdG7EmyBwbGF0ZWJuJmlhY3V0ZTsga2FydG91LjwvbGk+DQo8L3VsPg0KPC91bD4NCjxwPjQuMi48L3A+DQo8dWw+DQo8dWw+DQo8bGk+U3BvbGXEjW7EmyBzJm5ic3A7a3VwbiZpYWN1dGU7IGNlbm91IGplIGt1cHVqJmlhY3V0ZTtjJmlhY3V0ZTsgcG92aW5lbiB6YXBsYXRpdCBwcm9kJmFhY3V0ZTt2YWomaWFjdXRlO2MmaWFjdXRlO211IHRhayZlYWN1dGU7IG4mYWFjdXRlO2tsYWR5IHNwb2plbiZlYWN1dGU7IHMmbmJzcDtkb2QmYWFjdXRlO24maWFjdXRlO20gemJvxb4maWFjdXRlOyB2ZSBzbWx1dmVuJmVhY3V0ZTsgdiZ5YWN1dGU7JnNjYXJvbjtpLiBOZW4maWFjdXRlOy1saSB1dmVkZW5vIHYmeWFjdXRlO3Nsb3ZuxJsgamluYWssIHJvenVtJmlhY3V0ZTsgc2UgZCZhYWN1dGU7bGUga3VwbiZpYWN1dGU7IGNlbm91IGkmbmJzcDtuJmFhY3V0ZTtrbGFkeSBzcG9qZW4mZWFjdXRlOyBzJm5ic3A7ZG9kJmFhY3V0ZTtuJmlhY3V0ZTttIHpib8W+JmlhY3V0ZTsuPC9saT4NCjwvdWw+DQo8L3VsPg0KPHA+NC4zLjwvcD4NCjx1bD4NCjx1bD4NCjxsaT5Qcm9kJmFhY3V0ZTt2YWomaWFjdXRlO2MmaWFjdXRlOyBuZXBvxb5hZHVqZSBvZCBrdXB1aiZpYWN1dGU7YyZpYWN1dGU7aG8geiZhYWN1dGU7bG9odSDEjWkgamlub3Ugb2Jkb2Jub3UgcGxhdGJ1LiBUJmlhY3V0ZTttdG8gbmVuJmlhY3V0ZTsgZG90xI1lbm8gdXN0YW5vdmVuJmlhY3V0ZTsgxI1sLiZuYnNwOzQgb2JjaG9kbiZpYWN1dGU7Y2ggcG9kbSZpYWN1dGU7bmVrIG9obGVkbsSbIHBvdmlubm9zdGkgdWhyYWRpdCBrdXBuJmlhY3V0ZTsgY2VudSB6Ym/FviZpYWN1dGU7IHDFmWVkZW0uPC9saT4NCjwvdWw+DQo8L3VsPg0KPHA+NC40LjwvcD4NCjx1bD4NCjx1bD4NCjxsaT5WJm5ic3A7cMWZJmlhY3V0ZTtwYWTEmyBwbGF0YnkgdiZuYnNwO2hvdG92b3N0aSDEjWkgdiZuYnNwO3DFmSZpYWN1dGU7cGFkxJsgcGxhdGJ5IG5hIGRvYiZpYWN1dGU7cmt1IGplIGt1cG4maWFjdXRlOyBjZW5hIHNwbGF0biZhYWN1dGU7IHDFmWkgcMWZZXZ6ZXQmaWFjdXRlOyB6Ym/FviZpYWN1dGU7LiBWJm5ic3A7cMWZJmlhY3V0ZTtwYWTEmyBiZXpob3Rvdm9zdG4maWFjdXRlOyBwbGF0YnkgamUga3VwbiZpYWN1dGU7IGNlbmEgc3BsYXRuJmFhY3V0ZTsgZG8gMTRkbsWvIG9kIHV6YXbFmWVuJmlhY3V0ZTsga3VwbiZpYWN1dGU7IHNtbG91dnkuPC9saT4NCjwvdWw+DQo8L3VsPg0KPHA+NC41LjwvcD4NCjx1bD4NCjx1bD4NCjxsaT5WJm5ic3A7cMWZJmlhY3V0ZTtwYWTEmyBiZXpob3Rvdm9zdG4maWFjdXRlOyBwbGF0YnkgamUga3VwdWomaWFjdXRlO2MmaWFjdXRlOyBwb3ZpbmVuIHVocmF6b3ZhdCBrdXBuJmlhY3V0ZTsgY2VudSB6Ym/FviZpYWN1dGU7IHNwb2xlxI1uxJsgcyZuYnNwO3V2ZWRlbiZpYWN1dGU7bSZuYnNwO3ZhcmlhYmlsbiZpYWN1dGU7aG8gc3ltYm9sdSBwbGF0YnkuIFYgcMWZJmlhY3V0ZTtwYWTEmyBiZXpob3Rvdm9zdG4maWFjdXRlOyBwbGF0YnkgamUgeiZhYWN1dGU7dmF6ZWsga3VwdWomaWFjdXRlO2MmaWFjdXRlO2hvIHVocmFkaXQga3VwbiZpYWN1dGU7IGNlbnUgc3BsbsSbbiBva2Ftxb5pa2VtIHDFmWlwcyZhYWN1dGU7biZpYWN1dGU7IHDFmSZpYWN1dGU7c2x1JnNjYXJvbjtuJmVhY3V0ZTsgxI0mYWFjdXRlO3N0a3kgbmEgJnVhY3V0ZTvEjWV0IHByb2QmYWFjdXRlO3ZhaiZpYWN1dGU7YyZpYWN1dGU7aG8uPC9saT4NCjwvdWw+DQo8L3VsPg0KPHA+NC42LjwvcD4NCjx1bD4NCjx1bD4NCjxsaT5Qcm9kJmFhY3V0ZTt2YWomaWFjdXRlO2MmaWFjdXRlOyBqZSBvcHImYWFjdXRlO3ZuxJtuLCB6ZWptJmVhY3V0ZTtuYSB2Jm5ic3A7cMWZJmlhY3V0ZTtwYWTEmywgxb5lIHplIHN0cmFueSBrdXB1aiZpYWN1dGU7YyZpYWN1dGU7aG8gbmVkb2pkZSBrJm5ic3A7ZG9kYXRlxI1uJmVhY3V0ZTttdSBwb3R2cnplbiZpYWN1dGU7IG9iamVkbiZhYWN1dGU7dmt5ICjEjWwuIDMpLCBwb8W+YWRvdmF0IHVocmF6ZW4maWFjdXRlOyBjZWwmZWFjdXRlOyBrdXBuJmlhY3V0ZTsgY2VueSBqZSZzY2Fyb247dMSbIHDFmWVkIG9kZXNsJmFhY3V0ZTtuJmlhY3V0ZTttIHpib8W+JmlhY3V0ZTsga3VwdWomaWFjdXRlO2MmaWFjdXRlO211LiBVc3Rhbm92ZW4maWFjdXRlOyAmc2VjdDsgMjExOSBvZHN0LiAxIG9ixI1hbnNrJmVhY3V0ZTtobyB6JmFhY3V0ZTtrb24maWFjdXRlO2t1IHNlIG5lcG91xb5pamUuPC9saT4NCjwvdWw+DQo8L3VsPg0KPHA+NC43LjwvcD4NCjx1bD4NCjx1bD4NCjxsaT5QxZkmaWFjdXRlO3BhZG4mZWFjdXRlOyBzbGV2eSB6Jm5ic3A7Y2VueSB6Ym/FviZpYWN1dGU7IHBvc2t5dG51dCZlYWN1dGU7IHByb2QmYWFjdXRlO3ZhaiZpYWN1dGU7YyZpYWN1dGU7bSBrdXB1aiZpYWN1dGU7YyZpYWN1dGU7bXUgbmVsemUgdnomYWFjdXRlO2plbW7EmyBrb21iaW5vdmF0LjwvbGk+DQo8L3VsPg0KPC91bD4NCjxwPjQuOC48L3A+DQo8dWw+DQo8bGk+SmUtbGkgdG8gdiZuYnNwO29iY2hvZG4maWFjdXRlO20gc3R5a3Ugb2J2eWtsJmVhY3V0ZTsgbmVibyBqZS1saSB0YWsgc3Rhbm92ZW5vIG9iZWNuxJsgeiZhYWN1dGU7dmF6biZ5YWN1dGU7bWkgcHImYWFjdXRlO3ZuJmlhY3V0ZTttaSBwxZllZHBpc3ksIHZ5c3RhdiZpYWN1dGU7IHByb2QmYWFjdXRlO3ZhaiZpYWN1dGU7YyZpYWN1dGU7IG9obGVkbsSbIHBsYXRlYiBwcm92JmFhY3V0ZTtkxJtuJnlhY3V0ZTtjaCBuYSZuYnNwO3omYWFjdXRlO2tsYWTEmyBrdXBuJmlhY3V0ZTsgc21sb3V2eSBrdXB1aiZpYWN1dGU7YyZpYWN1dGU7bXUgZGHFiG92JnlhY3V0ZTsgZG9rbGFkICZuZGFzaDsgZmFrdHVydS4gUHJvZCZhYWN1dGU7dmFqJmlhY3V0ZTtjJmlhY3V0ZTsgamUgcGwmYWFjdXRlO3RjZW0gZGFuxJsgeiZuYnNwO3DFmWlkYW4mZWFjdXRlOyBob2Rub3R5LjwvbGk+DQo8L3VsPg0KPC9saT4NCjxsaT41LiBPZHN0b3VwZW4maWFjdXRlOyBvZCBrdXBuJmlhY3V0ZTsgc21sb3V2eQ0KPHVsPg0KPHVsPg0KPHVsPjUuMS48L3VsPg0KPC91bD4NCjwvdWw+DQo8cD4mbmJzcDs8L3A+DQo8dWw+DQo8dWw+DQo8bGk+S3VwdWomaWFjdXRlO2MmaWFjdXRlOyBiZXJlIG5hIHbEm2RvbSZpYWN1dGU7LCDFvmUgZGxlJm5ic3A7dXN0YW5vdmVuJmlhY3V0ZTsgJnNlY3Q7IDE4Mzcgb2LEjWFuc2smZWFjdXRlO2hvIHomYWFjdXRlO2tvbiZpYWN1dGU7a3UsIG5lbHplIG1pbW8gamluJmVhY3V0ZTsgb2RzdG91cGl0IG9kIGt1cG4maWFjdXRlOyBzbWxvdXZ5IG8gZG9kJmFhY3V0ZTt2Y2UgemJvxb4maWFjdXRlOywga3RlciZlYWN1dGU7IGJ5bG8gdXByYXZlbm8gcG9kbGUgcMWZJmFhY3V0ZTtuJmlhY3V0ZTsga3VwdWomaWFjdXRlO2MmaWFjdXRlO2hvIG5lYm8gcHJvIGplaG8gb3NvYnUsIG9kIGt1cG4maWFjdXRlOyBzbWxvdXZ5IG8gZG9kJmFhY3V0ZTt2Y2UgemJvxb4maWFjdXRlOywga3RlciZlYWN1dGU7IHBvZGwmZWFjdXRlO2gmYWFjdXRlOyByeWNobCZlYWN1dGU7IHprJmFhY3V0ZTt6ZSwgamFrb8W+IGkmbmJzcDt6Ym/FviZpYWN1dGU7LCBrdGVyJmVhY3V0ZTsgYnlsbyBwbyBkb2QmYWFjdXRlO24maWFjdXRlOyBuZW4mYWFjdXRlO3ZyYXRuxJsgc20maWFjdXRlO3Nlbm8gcyBqaW4meWFjdXRlO20gemJvxb4maWFjdXRlO20sIG9kIGt1cG4maWFjdXRlOyBzbWxvdXZ5IG8mbmJzcDtkb2QmYWFjdXRlO3ZjZSB6Ym/FviZpYWN1dGU7IHYgdXphdsWZZW4mZWFjdXRlO20gb2JhbHUsIGt0ZXImZWFjdXRlOyBzcG90xZllYml0ZWwgeiBvYmFsdSB2ecWIYWwgYSB6IGh5Z2llbmljayZ5YWN1dGU7Y2ggZMWvdm9kxa8gamVqIG5lbiZpYWN1dGU7IG1vxb5uJmVhY3V0ZTsgdnImYWFjdXRlO3RpdCBhIG9kIGt1cG4maWFjdXRlOyBzbWxvdXZ5IG8gZG9kJmFhY3V0ZTt2Y2UgenZ1a292JmVhY3V0ZTsgbmVibyBvYnJhem92JmVhY3V0ZTsgbmFociZhYWN1dGU7dmt5IG5lYm8gcG/EjSZpYWN1dGU7dGHEjW92JmVhY3V0ZTtobyBwcm9ncmFtdSwgcG9rdWQgcG9ydSZzY2Fyb247aWwgamVqaWNoIHDFr3ZvZG4maWFjdXRlOyBvYmFsLjwvbGk+DQo8L3VsPg0KPC91bD4NCjxwPjUuMi48L3A+DQo8dWw+DQo8dWw+DQo8bGk+TmVqZWRuJmFhY3V0ZTstbGkgc2UgbyBwxZkmaWFjdXRlO3BhZCB1dmVkZW4meWFjdXRlOyB2Jm5ic3A7xI1sLiA1IMSNaSBvIGppbiZ5YWN1dGU7IHDFmSZpYWN1dGU7cGFkLCBrZHkgbmVsemUgb2Qga3VwbiZpYWN1dGU7IHNtbG91dnkgb2RzdG91cGl0LCBtJmFhY3V0ZTsmbmJzcDtrdXB1aiZpYWN1dGU7YyZpYWN1dGU7IHYmbmJzcDtzb3VsYWR1IHMgdXN0YW5vdmVuJmlhY3V0ZTttICZzZWN0OyZuYnNwOzE4Mjkgb2RzdC4gMSBvYsSNYW5zayZlYWN1dGU7aG8geiZhYWN1dGU7a29uJmlhY3V0ZTtrdSBwciZhYWN1dGU7dm8gb2QmbmJzcDtrdXBuJmlhY3V0ZTsgc21sb3V2eSBvZHN0b3VwaXQsIGEgdG8gZG8gxI10cm4mYWFjdXRlO2N0aSAoMTQpIGRuxa8gb2QgcMWZZXZ6ZXQmaWFjdXRlOyB6Ym/FviZpYWN1dGU7LCBwxZlpxI1lbcW+IHYmbmJzcDtwxZkmaWFjdXRlO3BhZMSbLCDFvmUgcMWZZWRtxJt0ZW0ga3VwbiZpYWN1dGU7IHNtbG91dnkgamUgbsSba29saWsgZHJ1aMWvIHpib8W+JmlhY3V0ZTsgbmVibyBkb2QmYWFjdXRlO24maWFjdXRlOyBuxJtrb2xpa2EgxI0mYWFjdXRlO3N0JmlhY3V0ZTssIGLEm8W+JmlhY3V0ZTsgdGF0byBsaMWvdGEgb2RlIGRuZSBwxZlldnpldCZpYWN1dGU7IHBvc2xlZG4maWFjdXRlOyBkb2QmYWFjdXRlO3ZreSB6Ym/FviZpYWN1dGU7LiBPZHN0b3VwZW4maWFjdXRlOyBvZCZuYnNwO2t1cG4maWFjdXRlOyBzbWxvdXZ5IG11cyZpYWN1dGU7IGImeWFjdXRlO3QgcHJvZCZhYWN1dGU7dmFqJmlhY3V0ZTtjJmlhY3V0ZTttdSBvZGVzbCZhYWN1dGU7bm8gdmUgbGjFr3TEmyB1dmVkZW4mZWFjdXRlOyB2Jm5ic3A7cMWZZWRjaG96JmlhY3V0ZTsgdsSbdMSbLiBPZHN0b3VwZW4maWFjdXRlOyBvZCZuYnNwO2t1cG4maWFjdXRlOyBzbWxvdXZ5IG3Fr8W+ZSBrdXB1aiZpYWN1dGU7YyZpYWN1dGU7IHphcyZpYWN1dGU7bGF0IG1pbW8gamluJmVhY3V0ZTsgbmEmbmJzcDthZHJlc3UgcHJvdm96b3ZueSBwcm9kJmFhY3V0ZTt2YWomaWFjdXRlO2MmaWFjdXRlO2hvIChPbmTFmWVqIERhZG9rLCBOdSZzY2Fyb247bG92YSAyNSwgMTU4IDAwLCBQcmFoYSA1ICZuZGFzaDsgU3RvZMWvbGt5KSZuYnNwO8SNaSBuYSBhZHJlc3UgZWxla3Ryb25pY2smZWFjdXRlOyBwbyZzY2Fyb247dHkgcHJvZCZhYWN1dGU7dmFqJmlhY3V0ZTtjJmlhY3V0ZTtobyByZWtsYW1hY2VAb2JqZWN0aXZlLWMuY3ouPC9saT4NCjwvdWw+DQo8L3VsPg0KPHA+NS4zLjwvcD4NCjx1bD4NCjx1bD4NCjxsaT5WJm5ic3A7cMWZJmlhY3V0ZTtwYWTEmyBvZHN0b3VwZW4maWFjdXRlOyBvZCBrdXBuJmlhY3V0ZTsgc21sb3V2eSBkbGUgxI1sLiA1IG9iY2hvZG4maWFjdXRlO2NoIHBvZG0maWFjdXRlO25layBzZSBrdXBuJmlhY3V0ZTsgc21sb3V2YSBvZCZuYnNwO3BvxI0mYWFjdXRlO3RrdSBydSZzY2Fyb247JmlhY3V0ZTsuIFpib8W+JmlhY3V0ZTsgbXVzJmlhY3V0ZTsgYiZ5YWN1dGU7dCBwcm9kJmFhY3V0ZTt2YWomaWFjdXRlO2MmaWFjdXRlO211IHZyJmFhY3V0ZTtjZW5vIGRvIMSNdHJuJmFhY3V0ZTtjdGkgKDE0KSBkbsWvIG9kIG9kc3RvdXBlbiZpYWN1dGU7IG9kIHNtbG91dnkgcHJvZCZhYWN1dGU7dmFqJmlhY3V0ZTtjJmlhY3V0ZTttdS4gT2RzdG91cCZpYWN1dGU7LWxpIGt1cHVqJmlhY3V0ZTtjJmlhY3V0ZTsgb2Qga3VwbiZpYWN1dGU7IHNtbG91dnksIG5lc2Uga3VwdWomaWFjdXRlO2MmaWFjdXRlOyBuJmFhY3V0ZTtrbGFkeSBzcG9qZW4mZWFjdXRlOyBzIG5hdnImYWFjdXRlO2NlbiZpYWN1dGU7bSB6Ym/FviZpYWN1dGU7IHByb2QmYWFjdXRlO3ZhaiZpYWN1dGU7YyZpYWN1dGU7bXUsIGEgdG8gaSB2IHRvbSBwxZkmaWFjdXRlO3BhZMSbLCBrZHkgemJvxb4maWFjdXRlOyBuZW3Fr8W+ZSBiJnlhY3V0ZTt0IHZyJmFhY3V0ZTtjZW5vIHBybyBzdm91IHBvdmFodSBvYnZ5a2xvdSBwbyZzY2Fyb247dG92biZpYWN1dGU7IGNlc3RvdS48L2xpPg0KPC91bD4NCjwvdWw+DQo8cD41LjQuPC9wPg0KPHVsPg0KPHVsPg0KPGxpPlYmbmJzcDtwxZkmaWFjdXRlO3BhZMSbIG9kc3RvdXBlbiZpYWN1dGU7IG9kIHNtbG91dnkgZGxlIMSNbC4gNSBvYmNob2RuJmlhY3V0ZTtjaCBwb2RtJmlhY3V0ZTtuZWsgdnImYWFjdXRlO3QmaWFjdXRlOyBwcm9kJmFhY3V0ZTt2YWomaWFjdXRlO2MmaWFjdXRlOyBwZW7Em8W+biZpYWN1dGU7IHByb3N0xZllZGt5IHDFmWlqYXQmZWFjdXRlOyBvZCBrdXB1aiZpYWN1dGU7YyZpYWN1dGU7aG8gZG8gxI10cm4mYWFjdXRlO2N0aSAoMTQpIGRuxa8gb2Qgb2RzdG91cGVuJmlhY3V0ZTsgb2QmbmJzcDtrdXBuJmlhY3V0ZTsgc21sb3V2eSBrdXB1aiZpYWN1dGU7YyZpYWN1dGU7bSwgYSZuYnNwO3RvJm5ic3A7c3Rlam4meWFjdXRlO20genDFr3NvYmVtLCBqYWsmeWFjdXRlO20gamUgcHJvZCZhYWN1dGU7dmFqJmlhY3V0ZTtjJmlhY3V0ZTsgb2Qga3VwdWomaWFjdXRlO2MmaWFjdXRlO2hvIHDFmWlqYWwuIFByb2QmYWFjdXRlO3ZhaiZpYWN1dGU7YyZpYWN1dGU7IGplIHRha3QmZWFjdXRlO8W+IG9wciZhYWN1dGU7dm7Em24gdnImYWFjdXRlO3RpdCBwbG7Em24maWFjdXRlOyBwb3NreXRudXQmZWFjdXRlOyBrdXB1aiZpYWN1dGU7YyZpYWN1dGU7bSBqacW+IHDFmWkgdnImYWFjdXRlO2NlbiZpYWN1dGU7IHpib8W+JmlhY3V0ZTsga3VwdWomaWFjdXRlO2MmaWFjdXRlO20gxI1pIGppbiZ5YWN1dGU7bSB6cMWvc29iZW0sIHBva3VkIHMgdCZpYWN1dGU7bSBrdXB1aiZpYWN1dGU7YyZpYWN1dGU7IGJ1ZGUgc291aGxhc2l0IGEgbmV2em5pa25vdSB0JmlhY3V0ZTttIGt1cHVqJmlhY3V0ZTtjJmlhY3V0ZTttdSBkYWwmc2Nhcm9uOyZpYWN1dGU7IG4mYWFjdXRlO2tsYWR5LiBPZHN0b3VwJmlhY3V0ZTstbGkga3VwdWomaWFjdXRlO2MmaWFjdXRlOyBvZCBrdXBuJmlhY3V0ZTsgc21sb3V2eSwgcHJvZCZhYWN1dGU7dmFqJmlhY3V0ZTtjJmlhY3V0ZTsgbmVuJmlhY3V0ZTsgcG92aW5lbiB2ciZhYWN1dGU7dGl0IHDFmWlqYXQmZWFjdXRlOyBwZW7Em8W+biZpYWN1dGU7IHByb3N0xZllZGt5IGt1cHVqJmlhY3V0ZTtjJmlhY3V0ZTttdSBkxZkmaWFjdXRlO3ZlLCBuZcW+IG11IGt1cHVqJmlhY3V0ZTtjJmlhY3V0ZTsgemJvxb4maWFjdXRlOyB2ciZhYWN1dGU7dCZpYWN1dGU7IG5lYm8gcHJvayZhYWN1dGU7xb5lLCDFvmUgemJvxb4maWFjdXRlOyBwcm9kJmFhY3V0ZTt2YWomaWFjdXRlO2MmaWFjdXRlO211IG9kZXNsYWwuPC9saT4NCjwvdWw+DQo8L3VsPg0KPHA+NS41LjwvcD4NCjx1bD4NCjx1bD4NCjxsaT5OJmFhY3V0ZTtyb2sgbmEmbmJzcDsmdWFjdXRlO2hyYWR1ICZzY2Fyb247a29keSB2em5pa2wmZWFjdXRlOyBuYSB6Ym/FviZpYWN1dGU7IGplIHByb2QmYWFjdXRlO3ZhaiZpYWN1dGU7YyZpYWN1dGU7IG9wciZhYWN1dGU7dm7Em24gamVkbm9zdHJhbm7EmyB6YXBvxI0maWFjdXRlO3N0IHByb3RpIG4mYWFjdXRlO3Jva3Uga3VwdWomaWFjdXRlO2MmaWFjdXRlO2hvIG5hIHZyJmFhY3V0ZTtjZW4maWFjdXRlOyBrdXBuJmlhY3V0ZTsgY2VueS48L2xpPg0KPC91bD4NCjwvdWw+DQo8cD41LjYuPC9wPg0KPHVsPg0KPHVsPg0KPGxpPkRvIGRvYnkgcMWZZXZ6ZXQmaWFjdXRlOyB6Ym/FviZpYWN1dGU7IGt1cHVqJmlhY3V0ZTtjJmlhY3V0ZTttIGplIHByb2QmYWFjdXRlO3ZhaiZpYWN1dGU7YyZpYWN1dGU7IG9wciZhYWN1dGU7dm7Em24ga2R5a29saXYgb2Qga3VwbiZpYWN1dGU7IHNtbG91dnkgb2RzdG91cGl0LiBWJm5ic3A7dGFrb3YmZWFjdXRlO20gcMWZJmlhY3V0ZTtwYWTEmyB2ciZhYWN1dGU7dCZpYWN1dGU7IHByb2QmYWFjdXRlO3ZhaiZpYWN1dGU7YyZpYWN1dGU7IGt1cHVqJmlhY3V0ZTtjJmlhY3V0ZTttdSBrdXBuJmlhY3V0ZTsgY2VudSBiZXogemJ5dGXEjW4mZWFjdXRlO2hvIG9ka2xhZHUsIGEgdG8gYmV6aG90b3Zvc3RuxJsgbmEgJnVhY3V0ZTvEjWV0IHVyxI1lbiZ5YWN1dGU7IGt1cHVqJmlhY3V0ZTtjJmlhY3V0ZTttLjwvbGk+DQo8L3VsPg0KPC91bD4NCjxwPjUuNy48L3A+DQo8dWw+DQo8bGk+SmUtbGkgc3BvbGXEjW7EmyBzZSB6Ym/FviZpYWN1dGU7bSBwb3NreXRudXQga3VwdWomaWFjdXRlO2MmaWFjdXRlO211IGQmYWFjdXRlO3JlaywgamUgZGFyb3ZhYyZpYWN1dGU7IHNtbG91dmEgbWV6aSBwcm9kJmFhY3V0ZTt2YWomaWFjdXRlO2MmaWFjdXRlO20gYSZuYnNwO2t1cHVqJmlhY3V0ZTtjJmlhY3V0ZTttIHV6YXbFmWVuYSBzJm5ic3A7cm96dmF6b3ZhYyZpYWN1dGU7IHBvZG0maWFjdXRlO25rb3UsIMW+ZSBkb2pkZS1saSBrJm5ic3A7b2RzdG91cGVuJmlhY3V0ZTsgb2Qga3VwbiZpYWN1dGU7IHNtbG91dnkga3VwdWomaWFjdXRlO2MmaWFjdXRlO20sIHBvemImeWFjdXRlO3YmYWFjdXRlOyBkYXJvdmFjJmlhY3V0ZTsgc21sb3V2YSBvaGxlZG7EmyB0YWtvdiZlYWN1dGU7aG8gZCZhYWN1dGU7cmt1ICZ1YWN1dGU7xI1pbm5vc3RpIGEga3VwdWomaWFjdXRlO2MmaWFjdXRlOyBqZSBwb3ZpbmVuIHNwb2x1IHNlIHpib8W+JmlhY3V0ZTttIHByb2QmYWFjdXRlO3ZhaiZpYWN1dGU7YyZpYWN1dGU7bXUgdnImYWFjdXRlO3RpdCBpIHBvc2t5dG51dCZ5YWN1dGU7IGQmYWFjdXRlO3Jlay48L2xpPg0KPC91bD4NCjwvbGk+DQo8bGk+Ni4gUMWZZXByYXZhIGEgZG9kJmFhY3V0ZTtuJmlhY3V0ZTsgemJvxb4maWFjdXRlOw0KPHVsPg0KPHVsPg0KPHVsPjYuMS48L3VsPg0KPC91bD4NCjwvdWw+DQo8cD4mbmJzcDs8L3A+DQo8dWw+DQo8dWw+DQo8bGk+ViZuYnNwO3DFmSZpYWN1dGU7cGFkxJssIMW+ZSZuYnNwO2plJm5ic3A7enDFr3NvYiBkb3ByYXZ5IHNtbHV2ZW4gbmEgeiZhYWN1dGU7a2xhZMSbIHp2bCZhYWN1dGU7JnNjYXJvbjt0biZpYWN1dGU7aG8gcG/FvmFkYXZrdSBrdXB1aiZpYWN1dGU7YyZpYWN1dGU7aG8sIG5lc2Uga3VwdWomaWFjdXRlO2MmaWFjdXRlOyByaXppa28gYSZuYnNwO3DFmSZpYWN1dGU7cGFkbiZlYWN1dGU7IGRvZGF0ZcSNbiZlYWN1dGU7IG4mYWFjdXRlO2tsYWR5IHNwb2plbiZlYWN1dGU7IHMmbmJzcDt0JmlhY3V0ZTttdG8genDFr3NvYmVtIGRvcHJhdnkuPC9saT4NCjwvdWw+DQo8L3VsPg0KPHA+Ni4yLjwvcD4NCjx1bD4NCjx1bD4NCjxsaT5KZS1saSBwcm9kJmFhY3V0ZTt2YWomaWFjdXRlO2MmaWFjdXRlOyBwb2RsZSBrdXBuJmlhY3V0ZTsgc21sb3V2eSBwb3ZpbmVuIGRvZGF0IHpib8W+JmlhY3V0ZTsgbmEgbSZpYWN1dGU7c3RvIHVyxI1lbiZlYWN1dGU7IGt1cHVqJmlhY3V0ZTtjJmlhY3V0ZTttIHYmbmJzcDtvYmplZG4mYWFjdXRlO3ZjZSwgamUga3VwdWomaWFjdXRlO2MmaWFjdXRlOyBwb3ZpbmVuIHDFmWV2eiZpYWN1dGU7dCB6Ym/FviZpYWN1dGU7IHDFmWkgZG9kJmFhY3V0ZTtuJmlhY3V0ZTsuPC9saT4NCjwvdWw+DQo8L3VsPg0KPHA+Ni4zLjwvcD4NCjx1bD4NCjx1bD4NCjxsaT5WJm5ic3A7cMWZJmlhY3V0ZTtwYWTEmywgxb5lIGplIHombmJzcDtkxa92b2TFryBuYSBzdHJhbsSbIGt1cHVqJmlhY3V0ZTtjJmlhY3V0ZTtobyBudXRubyB6Ym/FviZpYWN1dGU7IGRvcnXEjW92YXQgb3Bha292YW7EmyBuZWJvIGppbiZ5YWN1dGU7bSB6cMWvc29iZW0sIG5lxb4gYnlsbyB1dmVkZW5vIHYmbmJzcDtvYmplZG4mYWFjdXRlO3ZjZSwgamUga3VwdWomaWFjdXRlO2MmaWFjdXRlOyBwb3ZpbmVuIHVocmFkaXQgbiZhYWN1dGU7a2xhZHkgc3BvamVuJmVhY3V0ZTsgcyZuYnNwO29wYWtvdmFuJnlhY3V0ZTttIGRvcnXEjW92JmFhY3V0ZTtuJmlhY3V0ZTttIHpib8W+JmlhY3V0ZTssIHJlc3AuIG4mYWFjdXRlO2tsYWR5IHNwb2plbiZlYWN1dGU7IHMmbmJzcDtqaW4meWFjdXRlO20genDFr3NvYmVtIGRvcnXEjWVuJmlhY3V0ZTsuPC9saT4NCjwvdWw+DQo8L3VsPg0KPHA+Ni40LjwvcD4NCjx1bD4NCjx1bD4NCjxsaT5QxZlpIHDFmWV2emV0JmlhY3V0ZTsgemJvxb4maWFjdXRlOyBvZCBwxZllcHJhdmNlIGplIGt1cHVqJmlhY3V0ZTtjJmlhY3V0ZTsgcG92aW5lbiB6a29udHJvbG92YXQgbmVwb3J1JnNjYXJvbjtlbm9zdCBvYmFsxa8gemJvxb4maWFjdXRlOyBhJm5ic3A7diBwxZkmaWFjdXRlO3BhZMSbIGphayZ5YWN1dGU7Y2hrb2xpdiB6JmFhY3V0ZTt2YWQgdG90byBuZXByb2RsZW7EmyBvem4mYWFjdXRlO21pdCBwxZllcHJhdmNpLiBWIHDFmSZpYWN1dGU7cGFkxJsgc2hsZWQmYWFjdXRlO24maWFjdXRlOyBwb3J1JnNjYXJvbjtlbiZpYWN1dGU7IG9iYWx1IHN2xJtkxI0maWFjdXRlO2MmaWFjdXRlO2hvIG8gbmVvcHImYWFjdXRlO3ZuxJtuJmVhY3V0ZTttIHZuaWtudXQmaWFjdXRlOyBkbyB6JmFhY3V0ZTtzaWxreSBuZW11cyZpYWN1dGU7IGt1cHVqJmlhY3V0ZTtjJmlhY3V0ZTsgeiZhYWN1dGU7c2lsa3Ugb2QgcMWZZXByYXZjZSBwxZlldnomaWFjdXRlO3QuPC9saT4NCjwvdWw+DQo8L3VsPg0KPHA+Ni41LjwvcD4NCjx1bD4NCjxsaT5EYWwmc2Nhcm9uOyZpYWN1dGU7IHByJmFhY3V0ZTt2YSBhIHBvdmlubm9zdGkgc3RyYW4gcMWZaSBwxZllcHJhdsSbIHpib8W+JmlhY3V0ZTsgbW9ob3UgdXByYXZpdCB6dmwmYWFjdXRlOyZzY2Fyb247dG4maWFjdXRlOyBkb2RhYyZpYWN1dGU7IHBvZG0maWFjdXRlO25reSBwcm9kJmFhY3V0ZTt2YWomaWFjdXRlO2MmaWFjdXRlO2hvLCBqc291LWxpIHByb2QmYWFjdXRlO3ZhaiZpYWN1dGU7YyZpYWN1dGU7bSB2eWQmYWFjdXRlO255LjwvbGk+DQo8L3VsPg0KPC9saT4NCjxsaT43LiBQciZhYWN1dGU7dmEgeiZuYnNwO1ZhZG4mZWFjdXRlO2hvIHBsbsSbbiZpYWN1dGU7DQo8dWw+DQo8dWw+DQo8dWw+Ny4xLjwvdWw+DQo8L3VsPg0KPC91bD4NCjxwPiZuYnNwOzwvcD4NCjx1bD4NCjx1bD4NCjxsaT5QciZhYWN1dGU7dmEgYSBwb3Zpbm5vc3RpIHNtbHV2biZpYWN1dGU7Y2ggc3RyYW4gb2hsZWRuxJsgcHImYWFjdXRlO3YgeiZuYnNwO3ZhZG4mZWFjdXRlO2hvIHBsbsSbbiZpYWN1dGU7IHNlIMWZJmlhY3V0ZTtkJmlhY3V0ZTsgcMWZJmlhY3V0ZTtzbHUmc2Nhcm9uO24meWFjdXRlO21pIG9iZWNuxJsgeiZhYWN1dGU7dmF6biZ5YWN1dGU7bWkgcHImYWFjdXRlO3ZuJmlhY3V0ZTttaSBwxZllZHBpc3kgKHplam0mZWFjdXRlO25hIHVzdGFub3ZlbiZpYWN1dGU7bWkgJnNlY3Q7Jm5ic3A7MTkxNCBhxb4gMTkyNSwgJnNlY3Q7IDIwOTkgYcW+IDIxMTcgYSAmc2VjdDsgMjE2MSBhxb4gMjE3NCBvYsSNYW5zayZlYWN1dGU7aG8geiZhYWN1dGU7a29uJmlhY3V0ZTtrdSkuPC9saT4NCjwvdWw+DQo8L3VsPg0KPHA+Ny4yLjwvcD4NCjx1bD4NCjx1bD4NCjxsaT5Qcm9kJmFhY3V0ZTt2YWomaWFjdXRlO2MmaWFjdXRlOyBvZHBvdiZpYWN1dGU7ZCZhYWN1dGU7IGt1cHVqJmlhY3V0ZTtjJmlhY3V0ZTttdSwgxb5lIHpib8W+JmlhY3V0ZTsgcMWZaSBwxZlldnpldCZpYWN1dGU7IG5lbSZhYWN1dGU7IHZhZHkuIFplam0mZWFjdXRlO25hIHByb2QmYWFjdXRlO3ZhaiZpYWN1dGU7YyZpYWN1dGU7IG9kcG92JmlhY3V0ZTtkJmFhY3V0ZTsga3VwdWomaWFjdXRlO2MmaWFjdXRlO211LCDFvmUgdiBkb2LEmywga2R5IGt1cHVqJmlhY3V0ZTtjJmlhY3V0ZTsgemJvxb4maWFjdXRlOyBwxZlldnphbDoNCjx1bD4NCjx1bD4NCjx1bD43LjIuMS48L3VsPg0KPC91bD4NCjwvdWw+DQo8cD4mbmJzcDs8L3A+DQo8dWw+DQo8dWw+DQo8bGk+bSZhYWN1dGU7IHpib8W+JmlhY3V0ZTsgdmxhc3Rub3N0aSwga3RlciZlYWN1dGU7IHNpIHN0cmFueSB1amVkbmFseSwgYSBjaHliJmlhY3V0ZTstbGkgdWplZG4mYWFjdXRlO24maWFjdXRlOywgbSZhYWN1dGU7IHRha292JmVhY3V0ZTsgdmxhc3Rub3N0aSwga3RlciZlYWN1dGU7IHByb2QmYWFjdXRlO3ZhaiZpYWN1dGU7YyZpYWN1dGU7IG5lYm8gdiZ5YWN1dGU7cm9iY2UgcG9wc2FsIG5lYm8ga3RlciZlYWN1dGU7IGt1cHVqJmlhY3V0ZTtjJmlhY3V0ZTsgb8SNZWsmYWFjdXRlO3ZhbCBzIG9obGVkZW0gbmEgcG92YWh1IHpib8W+JmlhY3V0ZTsgYSBuYSB6JmFhY3V0ZTtrbGFkxJsgcmVrbGFteSBqaW1pIHByb3YmYWFjdXRlO2TEm24mZWFjdXRlOyw8L2xpPg0KPC91bD4NCjwvdWw+DQo8cD43LjIuMi48L3A+DQo8dWw+DQo8dWw+DQo8bGk+c2UgemJvxb4maWFjdXRlOyBob2QmaWFjdXRlOyBrICZ1YWN1dGU7xI1lbHUsIGt0ZXImeWFjdXRlOyBwcm8gamVobyBwb3XFvml0JmlhY3V0ZTsgcHJvZCZhYWN1dGU7dmFqJmlhY3V0ZTtjJmlhY3V0ZTsgdXYmYWFjdXRlO2QmaWFjdXRlOyBuZWJvIGtlIGt0ZXImZWFjdXRlO211IHNlIHpib8W+JmlhY3V0ZTsgdG9ob3RvIGRydWh1IG9idnlrbGUgcG91xb4maWFjdXRlO3YmYWFjdXRlOyw8L2xpPg0KPC91bD4NCjwvdWw+DQo8cD43LjIuMy48L3A+DQo8dWw+DQo8dWw+DQo8bGk+emJvxb4maWFjdXRlOyBvZHBvdiZpYWN1dGU7ZCZhYWN1dGU7IGpha29zdCZpYWN1dGU7IG5lYm8gcHJvdmVkZW4maWFjdXRlO20gc21sdXZlbiZlYWN1dGU7bXUgdnpvcmt1IG5lYm8gcMWZZWRsb3plLCBieWxhLWxpIGpha29zdCBuZWJvIHByb3ZlZGVuJmlhY3V0ZTsgdXLEjWVubyBwb2RsZSBzbWx1dmVuJmVhY3V0ZTtobyB2em9ya3UgbmVibyBwxZllZGxvaHksPC9saT4NCjwvdWw+DQo8L3VsPg0KPHA+Ny4yLjQuPC9wPg0KPHVsPg0KPHVsPg0KPGxpPmplIHpib8W+JmlhY3V0ZTsgdiBvZHBvdiZpYWN1dGU7ZGFqJmlhY3V0ZTtjJmlhY3V0ZTttIG1ub8W+c3R2JmlhY3V0ZTssIG0maWFjdXRlO8WZZSBuZWJvIGhtb3Rub3N0aSBhPC9saT4NCjwvdWw+DQo8L3VsPg0KPHA+Ny4yLjUuPC9wPg0KPHVsPg0KPGxpPnpib8W+JmlhY3V0ZTsgdnlob3Z1amUgcG/FvmFkYXZrxa9tIHByJmFhY3V0ZTt2biZpYWN1dGU7Y2ggcMWZZWRwaXPFry48L2xpPg0KPC91bD4NCjwvbGk+DQo8L3VsPg0KPC91bD4NCjxwPjcuMy48L3A+DQo8dWw+DQo8dWw+DQo8bGk+VXN0YW5vdmVuJmlhY3V0ZTsgdXZlZGVuJmFhY3V0ZTsgdiDEjWwuIDcgb2JjaG9kbiZpYWN1dGU7Y2ggcG9kbSZpYWN1dGU7bmVrIHNlIG5lcG91xb5paiZpYWN1dGU7IHUgemJvxb4maWFjdXRlOyBwcm9kJmFhY3V0ZTt2YW4mZWFjdXRlO2hvIHphIG5pxb4mc2Nhcm9uOyZpYWN1dGU7IGNlbnUgbmEgdmFkdSwgcHJvIGt0ZXJvdSBieWxhIG5pxb4mc2Nhcm9uOyZpYWN1dGU7IGNlbmEgdWplZG4mYWFjdXRlO25hLCBuYSBvcG90xZllYmVuJmlhY3V0ZTsgemJvxb4maWFjdXRlOyB6cMWvc29iZW4mZWFjdXRlOyBqZWhvIG9idnlrbCZ5YWN1dGU7bSB1xb4maWFjdXRlO3YmYWFjdXRlO24maWFjdXRlO20sIHUmbmJzcDtwb3XFvml0JmVhY3V0ZTtobyB6Ym/FviZpYWN1dGU7IG5hIHZhZHUgb2Rwb3YmaWFjdXRlO2RhaiZpYWN1dGU7YyZpYWN1dGU7IG0maWFjdXRlO8WZZSBwb3XFviZpYWN1dGU7diZhYWN1dGU7biZpYWN1dGU7IG5lYm8gb3BvdMWZZWJlbiZpYWN1dGU7LCBrdGVyb3UgemJvxb4maWFjdXRlOyBtxJtsbyBwxZlpIHDFmWV2emV0JmlhY3V0ZTsga3VwdWomaWFjdXRlO2MmaWFjdXRlO20sIG5lYm8gdnlwbCZ5YWN1dGU7diZhYWN1dGU7LWxpIHRvIHogcG92YWh5IHpib8W+JmlhY3V0ZTsuPC9saT4NCjwvdWw+DQo8L3VsPg0KPHA+Ny40LjwvcD4NCjx1bD4NCjx1bD4NCjxsaT5Qcm9qZXYmaWFjdXRlOy1saSBzZSB2YWRhIHYgcHLFr2LEm2h1ICZzY2Fyb247ZXN0aSBtxJtzJmlhY3V0ZTtjxa8gb2QgcMWZZXZ6ZXQmaWFjdXRlOywgbSZhYWN1dGU7IHNlIHphIHRvLCDFvmUgemJvxb4maWFjdXRlOyBieWxvIHZhZG4mZWFjdXRlOyBqacW+IHDFmWkgcMWZZXZ6ZXQmaWFjdXRlOy4gS3VwdWomaWFjdXRlO2MmaWFjdXRlOyBqZSBvcHImYWFjdXRlO3ZuxJtuIHVwbGF0bml0IHByJmFhY3V0ZTt2byB6IHZhZHksIGt0ZXImYWFjdXRlOyBzZSB2eXNreXRuZSB1IHNwb3TFmWVibiZpYWN1dGU7aG8gemJvxb4maWFjdXRlOyB2Jm5ic3A7ZG9ixJsgZHZhY2V0aSDEjXR5xZkgbcSbcyZpYWN1dGU7Y8WvIG9kIHDFmWV2emV0JmlhY3V0ZTsuPC9saT4NCjwvdWw+DQo8L3VsPg0KPHA+Ny41LjwvcD4NCjx1bD4NCjxsaT5QciZhYWN1dGU7dmEgeiZuYnNwO3ZhZG4mZWFjdXRlO2hvIHBsbsSbbiZpYWN1dGU7IHVwbGF0xYh1amUga3VwdWomaWFjdXRlO2MmaWFjdXRlOyB1IHByb2QmYWFjdXRlO3ZhaiZpYWN1dGU7YyZpYWN1dGU7aG8gbmEgYWRyZXNlIGplaG8gcHJvdm96b3ZueSAoT25kxZllaiBEYWRvaywgTnUmc2Nhcm9uO2xvdmEgMjUsIDE1OCAwMCwgUHJhaGEgNSAmbmRhc2g7IFN0b2TFr2xreTsgZG9ob2RhIG8gemFzbCZhYWN1dGU7biZpYWN1dGU7IHJla2xhbW92YW4mZWFjdXRlO2hvIHpib8W+JmlhY3V0ZTsgcG8mc2Nhcm9uO3RvdSBqZSBtb8W+biZhYWN1dGU7IG5hIGFkcmVzZSByZWtsYW1hY2VAb2JqZWN0aXZlLWMuY3opLCB2IG4maWFjdXRlO8W+IGplIHDFmWlqZXQmaWFjdXRlOyByZWtsYW1hY2UgbW/Fvm4mZWFjdXRlOyBzIG9obGVkZW0gbmEgc29ydGltZW50IHByb2QmYWFjdXRlO3ZhbiZlYWN1dGU7aG8gemJvxb4maWFjdXRlOy4gWmEgb2thbcW+aWsgdXBsYXRuxJtuJmlhY3V0ZTsgcmVrbGFtYWNlIHNlIHBvdmHFvnVqZSBva2Ftxb5paywga2R5IHByb2QmYWFjdXRlO3ZhaiZpYWN1dGU7YyZpYWN1dGU7IG9iZHLFvmVsIG9kIGt1cHVqJmlhY3V0ZTtjJmlhY3V0ZTtobyByZWtsYW1vdmFuJmVhY3V0ZTsgemJvxb4maWFjdXRlOy48L2xpPg0KPC91bD4NCjwvbGk+DQo8bGk+OC4gRGFsJnNjYXJvbjsmaWFjdXRlOyBwciZhYWN1dGU7dmEgYSBwb3Zpbm5vc3RpIHNtbHV2biZpYWN1dGU7Y2ggc3RyYW4NCjx1bD4NCjx1bD4NCjx1bD44LjEuPC91bD4NCjwvdWw+DQo8L3VsPg0KPHA+Jm5ic3A7PC9wPg0KPHVsPg0KPHVsPg0KPGxpPkt1cHVqJmlhY3V0ZTtjJmlhY3V0ZTsgbmFiJnlhY3V0ZTt2JmFhY3V0ZTsgdmxhc3RuaWN0diZpYWN1dGU7IGtlIHpib8W+JmlhY3V0ZTsgemFwbGFjZW4maWFjdXRlO20gY2VsJmVhY3V0ZTsga3VwbiZpYWN1dGU7IGNlbnkgemJvxb4maWFjdXRlOy48L2xpPg0KPC91bD4NCjwvdWw+DQo8cD44LjIuPC9wPg0KPHVsPg0KPHVsPg0KPGxpPlByb2QmYWFjdXRlO3ZhaiZpYWN1dGU7YyZpYWN1dGU7IG5lbiZpYWN1dGU7IHZlIHZ6dGFodSBrZSBrdXB1aiZpYWN1dGU7YyZpYWN1dGU7bXUgdiZhYWN1dGU7eiZhYWN1dGU7biDFviZhYWN1dGU7ZG4meWFjdXRlO21pIGtvZGV4eSBjaG92JmFhY3V0ZTtuJmlhY3V0ZTsgdmUgc215c2x1IHVzdGFub3ZlbiZpYWN1dGU7ICZzZWN0OyAxODI2IG9kc3QuIDEgcCZpYWN1dGU7c20uIGUpIG9ixI1hbnNrJmVhY3V0ZTtobyB6JmFhY3V0ZTtrb24maWFjdXRlO2t1LjwvbGk+DQo8L3VsPg0KPC91bD4NCjxwPjguMy48L3A+DQo8dWw+DQo8dWw+DQo8bGk+TWltb3NvdWRuJmlhY3V0ZTsgdnnFmWl6b3YmYWFjdXRlO24maWFjdXRlOyBzdCZpYWN1dGU7xb5ub3N0JmlhY3V0ZTsgc3BvdMWZZWJpdGVsxa8gemFqaSZzY2Fyb247xaV1amUgcHJvZCZhYWN1dGU7dmFqJmlhY3V0ZTtjJmlhY3V0ZTsgcHJvc3TFmWVkbmljdHYmaWFjdXRlO20gZWxla3Ryb25pY2smZWFjdXRlOyBhZHJlc3kgcmVrbGFtYWNlQG9iamVjdGl2ZS1jLmN6LiBJbmZvcm1hY2kgbyB2ecWZJmlhY3V0ZTt6ZW4maWFjdXRlOyBzdCZpYWN1dGU7xb5ub3N0aSBrdXB1aiZpYWN1dGU7YyZpYWN1dGU7aG8gemEmc2Nhcm9uO2xlIHByb2QmYWFjdXRlO3ZhaiZpYWN1dGU7YyZpYWN1dGU7IG5hIGVsZWt0cm9uaWNrb3UgYWRyZXN1IGt1cHVqJmlhY3V0ZTtjJmlhY3V0ZTtoby48L2xpPg0KPC91bD4NCjwvdWw+DQo8cD44LjQuPC9wPg0KPHVsPg0KPHVsPg0KPGxpPlByb2QmYWFjdXRlO3ZhaiZpYWN1dGU7YyZpYWN1dGU7IGplIG9wciZhYWN1dGU7dm7Em24gayBwcm9kZWppIHpib8W+JmlhY3V0ZTsgbmEgeiZhYWN1dGU7a2xhZMSbIMW+aXZub3N0ZW5zayZlYWN1dGU7aG8gb3ByJmFhY3V0ZTt2bsSbbiZpYWN1dGU7LiDFvWl2bm9zdGVuc2tvdSBrb250cm9sdSBwcm92JmFhY3V0ZTtkJmlhY3V0ZTsgdiByJmFhY3V0ZTttY2kgc3YmZWFjdXRlOyBwxa9zb2Jub3N0aSBwxZkmaWFjdXRlO3NsdSZzY2Fyb247biZ5YWN1dGU7IMW+aXZub3N0ZW5zayZ5YWN1dGU7ICZ1YWN1dGU7xZlhZC4gRG96b3IgbmFkIG9ibGFzdCZpYWN1dGU7IG9jaHJhbnkgb3NvYm4maWFjdXRlO2NoICZ1YWN1dGU7ZGFqxa8gdnlrb24mYWFjdXRlO3YmYWFjdXRlOyAmVWFjdXRlO8WZYWQgcHJvIG9jaHJhbnUgb3NvYm4maWFjdXRlO2NoICZ1YWN1dGU7ZGFqxa8uIMSMZXNrJmFhY3V0ZTsgb2JjaG9kbiZpYWN1dGU7IGluc3Bla2NlIHZ5a29uJmFhY3V0ZTt2JmFhY3V0ZTsgdmUgdnltZXplbiZlYWN1dGU7bSByb3pzYWh1IG1pbW8gamluJmVhY3V0ZTsgZG96b3IgbmFkIGRvZHLFvm92JmFhY3V0ZTtuJmlhY3V0ZTttIHomYWFjdXRlO2tvbmEgxI0uJm5ic3A7NjM0LzE5OTIgU2IuLCBvIG9jaHJhbsSbIHNwb3TFmWViaXRlbGUsIHZlIHpuxJtuJmlhY3V0ZTsgcG96ZMSbaiZzY2Fyb247JmlhY3V0ZTtjaCBwxZllZHBpc8WvLjwvbGk+DQo8L3VsPg0KPC91bD4NCjxwPjguNS48L3A+DQo8dWw+DQo8bGk+S3VwdWomaWFjdXRlO2MmaWFjdXRlOyB0JmlhY3V0ZTttdG8gcMWZZWImaWFjdXRlO3ImYWFjdXRlOyBuYSBzZWJlIG5lYmV6cGXEjSZpYWN1dGU7IHptxJtueSBva29sbm9zdCZpYWN1dGU7IHZlIHNteXNsdSAmc2VjdDsgMTc2NSBvZHN0LiAyIG9ixI1hbnNrJmVhY3V0ZTtobyB6JmFhY3V0ZTtrb24maWFjdXRlO2t1LjwvbGk+DQo8L3VsPg0KPC9saT4NCjxsaT45LiBPY2hyYW5hIG9zb2JuJmlhY3V0ZTtjaCAmdWFjdXRlO2RhasWvDQo8dWw+DQo8dWw+DQo8dWw+OS4xLjwvdWw+DQo8L3VsPg0KPC91bD4NCjxwPiZuYnNwOzwvcD4NCjx1bD4NCjx1bD4NCjxsaT5PY2hyYW5hIG9zb2JuJmlhY3V0ZTtjaCAmdWFjdXRlO2RhasWvIGt1cHVqJmlhY3V0ZTtjJmlhY3V0ZTtobywga3RlciZ5YWN1dGU7IGplIGZ5emlja291IG9zb2JvdSwgamUgcG9za3l0b3YmYWFjdXRlO25hIHomYWFjdXRlO2tvbmVtIMSNLiZuYnNwOzEwMS8yMDAwIFNiLiwgbyBvY2hyYW7EmyBvc29ibiZpYWN1dGU7Y2ggJnVhY3V0ZTtkYWrFrywgdmUgem7Em24maWFjdXRlOyBwb3pkxJtqJnNjYXJvbjsmaWFjdXRlO2NoIHDFmWVkcGlzxa8uPC9saT4NCjwvdWw+DQo8L3VsPg0KPHA+OS4yLjwvcD4NCjx1bD4NCjx1bD4NCjxsaT5LdXB1aiZpYWN1dGU7YyZpYWN1dGU7IHNvdWhsYXMmaWFjdXRlOyBzZSB6cHJhY292JmFhY3V0ZTtuJmlhY3V0ZTttIHTEm2NodG8gc3YmeWFjdXRlO2NoIG9zb2JuJmlhY3V0ZTtjaCAmdWFjdXRlO2RhasWvOiBqbSZlYWN1dGU7bm8gYSBwxZkmaWFjdXRlO2ptZW4maWFjdXRlOywgYWRyZXNhIGJ5ZGxpJnNjYXJvbjt0xJssIGlkZW50aWZpa2HEjW4maWFjdXRlOyDEjSZpYWN1dGU7c2xvLCBkYcWIb3YmZWFjdXRlOyBpZGVudGlmaWthxI1uJmlhY3V0ZTsgxI0maWFjdXRlO3NsbywgYWRyZXNhIGVsZWt0cm9uaWNrJmVhY3V0ZTsgcG8mc2Nhcm9uO3R5IGEgdGVsZWZvbm4maWFjdXRlOyDEjSZpYWN1dGU7c2xvIChkJmFhY3V0ZTtsZSBzcG9sZcSNbsSbIHYmc2Nhcm9uO2UgamVuIGpha28gJmJkcXVvO29zb2JuJmlhY3V0ZTsgJnVhY3V0ZTtkYWplJmxkcXVvOykuPC9saT4NCjwvdWw+DQo8L3VsPg0KPHA+OS4zLjwvcD4NCjx1bD4NCjx1bD4NCjxsaT5LdXB1aiZpYWN1dGU7YyZpYWN1dGU7IHNvdWhsYXMmaWFjdXRlOyBzZSB6cHJhY292JmFhY3V0ZTtuJmlhY3V0ZTttIG9zb2JuJmlhY3V0ZTtjaCAmdWFjdXRlO2RhasWvIHByb2QmYWFjdXRlO3ZhaiZpYWN1dGU7YyZpYWN1dGU7bSwgYSB0byBwcm8gJnVhY3V0ZTvEjWVseSByZWFsaXphY2UgcHImYWFjdXRlO3YgYSZuYnNwO3Bvdmlubm9zdCZpYWN1dGU7IHombmJzcDtrdXBuJmlhY3V0ZTsgc21sb3V2eSBhIHBybyAmdWFjdXRlO8SNZWx5IHZlZGVuJmlhY3V0ZTsgdcW+aXZhdGVsc2smZWFjdXRlO2hvICZ1YWN1dGU7xI10dS4gWnZvbCZpYWN1dGU7LWxpIGt1cHVqJmlhY3V0ZTtjJmlhY3V0ZTsgamlub3UgbW/Fvm5vc3QsIHNvdWhsYXMmaWFjdXRlOyBzZSB6cHJhY292JmFhY3V0ZTtuJmlhY3V0ZTttIG9zb2JuJmlhY3V0ZTtjaCAmdWFjdXRlO2RhasWvIHByb2QmYWFjdXRlO3ZhaiZpYWN1dGU7YyZpYWN1dGU7bSB0YWsmZWFjdXRlOyBwcm8gJnVhY3V0ZTvEjWVseSB6YXMmaWFjdXRlO2wmYWFjdXRlO24maWFjdXRlOyBpbmZvcm1hYyZpYWN1dGU7IGEgb2JjaG9kbiZpYWN1dGU7Y2ggc2TEm2xlbiZpYWN1dGU7IGt1cHVqJmlhY3V0ZTtjJmlhY3V0ZTttdS4gU291aGxhcyBzZSB6cHJhY292JmFhY3V0ZTtuJmlhY3V0ZTttIG9zb2JuJmlhY3V0ZTtjaCAmdWFjdXRlO2RhasWvIHYgY2VsJmVhY3V0ZTttIHJvenNhaHUgZGxlIHRvaG90byDEjWwmYWFjdXRlO25rdSBuZW4maWFjdXRlOyBwb2RtJmlhY3V0ZTtua291LCBrdGVyJmFhY3V0ZTsgYnkgc2FtYSBvIHNvYsSbIHpuZW1vxb7FiG92YWxhIHV6YXbFmWVuJmlhY3V0ZTsga3VwbiZpYWN1dGU7IHNtbG91dnkuPC9saT4NCjwvdWw+DQo8L3VsPg0KPHA+OS40LjwvcD4NCjx1bD4NCjx1bD4NCjxsaT5LdXB1aiZpYWN1dGU7YyZpYWN1dGU7IGJlcmUgbmEgdsSbZG9tJmlhY3V0ZTssIMW+ZSBqZSBwb3ZpbmVuIHN2JmVhY3V0ZTsgb3NvYm4maWFjdXRlOyAmdWFjdXRlO2RhamUgKHDFmWkgcmVnaXN0cmFjaSwgdmUgc3YmZWFjdXRlO20gdcW+aXZhdGVsc2smZWFjdXRlO20gJnVhY3V0ZTvEjXR1LCBwxZlpIG9iamVkbiZhYWN1dGU7dmNlIHByb3ZlZGVuJmVhY3V0ZTsgeiZuYnNwO3dlYm92JmVhY3V0ZTtobyByb3pocmFuJmlhY3V0ZTsgb2JjaG9kdSkgdXYmYWFjdXRlO2TEm3Qgc3ByJmFhY3V0ZTt2bsSbIGEmbmJzcDtwcmF2ZGl2xJsgYSZuYnNwO8W+ZSBqZSBwb3ZpbmVuIGJleiB6Ynl0ZcSNbiZlYWN1dGU7aG8gb2RrbGFkdSBpbmZvcm1vdmF0IHByb2QmYWFjdXRlO3ZhaiZpYWN1dGU7YyZpYWN1dGU7aG8gbyB6bcSbbsSbIHZlJm5ic3A7c3YmeWFjdXRlO2NoIG9zb2JuJmlhY3V0ZTtjaCAmdWFjdXRlO2RhaiZpYWN1dGU7Y2guPC9saT4NCjwvdWw+DQo8L3VsPg0KPHA+OS41LjwvcD4NCjx1bD4NCjx1bD4NCjxsaT5acHJhY292JmFhY3V0ZTtuJmlhY3V0ZTttIG9zb2JuJmlhY3V0ZTtjaCAmdWFjdXRlO2RhasWvIGt1cHVqJmlhY3V0ZTtjJmlhY3V0ZTtobyBtxa/FvmUgcHJvZCZhYWN1dGU7dmFqJmlhY3V0ZTtjJmlhY3V0ZTsgcG92xJvFmWl0IHTFmWV0JmlhY3V0ZTsgb3NvYnUsIGpha2/FvnRvIHpwcmFjb3ZhdGVsZS4gS3JvbcSbIG9zb2IgZG9wcmF2dWomaWFjdXRlO2MmaWFjdXRlO2NoIHpib8W+JmlhY3V0ZTsgbmVidWRvdSBvc29ibiZpYWN1dGU7ICZ1YWN1dGU7ZGFqZSBwcm9kJmFhY3V0ZTt2YWomaWFjdXRlO2MmaWFjdXRlO20gYmV6IHDFmWVkY2hveiZpYWN1dGU7aG8gc291aGxhc3Uga3VwdWomaWFjdXRlO2MmaWFjdXRlO2hvIHDFmWVkJmFhY3V0ZTt2JmFhY3V0ZTtueSB0xZlldCZpYWN1dGU7bSBvc29iJmFhY3V0ZTttLjwvbGk+DQo8L3VsPg0KPC91bD4NCjxwPjkuNi48L3A+DQo8dWw+DQo8dWw+DQo8bGk+T3NvYm4maWFjdXRlOyAmdWFjdXRlO2RhamUgYnVkb3UgenByYWNvdiZhYWN1dGU7diZhYWN1dGU7bnkgcG8gZG9idSBuZXVyxI1pdG91LiBPc29ibiZpYWN1dGU7ICZ1YWN1dGU7ZGFqZSBidWRvdSB6cHJhY292JmFhY3V0ZTt2JmFhY3V0ZTtueSB2Jm5ic3A7ZWxla3Ryb25pY2smZWFjdXRlOyBwb2RvYsSbIGF1dG9tYXRpem92YW4meWFjdXRlO20genDFr3NvYmVtIG5lYm8gdiB0aSZzY2Fyb247dMSbbiZlYWN1dGU7IHBvZG9ixJsgbmVhdXRvbWF0aXpvdmFuJnlhY3V0ZTttIHpwxa9zb2JlbS48L2xpPg0KPC91bD4NCjwvdWw+DQo8cD45LjcuPC9wPg0KPHVsPg0KPHVsPg0KPGxpPkt1cHVqJmlhY3V0ZTtjJmlhY3V0ZTsgcG90dnJ6dWplLCDFvmUgcG9za3l0bnV0JmVhY3V0ZTsgb3NvYm4maWFjdXRlOyAmdWFjdXRlO2RhamUganNvdSBwxZllc24mZWFjdXRlOyBhIMW+ZSBieWwgcG91xI1lbiBvIHRvbSwgxb5lJm5ic3A7c2UmbmJzcDtqZWRuJmFhY3V0ZTsgbyBkb2Jyb3ZvbG4mZWFjdXRlOyBwb3NreXRudXQmaWFjdXRlOyBvc29ibiZpYWN1dGU7Y2ggJnVhY3V0ZTtkYWrFry48L2xpPg0KPC91bD4NCjwvdWw+DQo8cD45LjguPC9wPg0KPHVsPg0KPHVsPg0KPGxpPlYgcMWZJmlhY3V0ZTtwYWTEmywgxb5lIGJ5IHNlIGt1cHVqJmlhY3V0ZTtjJmlhY3V0ZTsgZG9tbiZpYWN1dGU7dmFsLCDFvmUgcHJvZCZhYWN1dGU7dmFqJmlhY3V0ZTtjJmlhY3V0ZTsgbmVibyB6cHJhY292YXRlbCAoxI1sLiA5KSBwcm92JmFhY3V0ZTtkJmlhY3V0ZTsgenByYWNvdiZhYWN1dGU7biZpYWN1dGU7IGplaG8gb3NvYm4maWFjdXRlO2NoICZ1YWN1dGU7ZGFqxa8sIGt0ZXImZWFjdXRlOyBqZSB2IHJvenBvcnUgcyBvY2hyYW5vdSBzb3Vrcm9tJmVhY3V0ZTtobyBhIG9zb2JuJmlhY3V0ZTtobyDFvml2b3RhIGt1cHVqJmlhY3V0ZTtjJmlhY3V0ZTtobyBuZWJvIHYgcm96cG9ydSBzZSB6JmFhY3V0ZTtrb25lbSwgemVqbSZlYWN1dGU7bmEganNvdS1saSBvc29ibiZpYWN1dGU7ICZ1YWN1dGU7ZGFqZSBuZXDFmWVzbiZlYWN1dGU7IHMmbmJzcDtvaGxlZGVtIG5hICZ1YWN1dGU7xI1lbCBqZWppY2ggenByYWNvdiZhYWN1dGU7biZpYWN1dGU7LCBtxa/FvmU6DQo8dWw+DQo8dWw+DQo8dWw+OS44LjEuPC91bD4NCjwvdWw+DQo8L3VsPg0KPHA+Jm5ic3A7PC9wPg0KPHVsPg0KPHVsPg0KPGxpPnBvxb4mYWFjdXRlO2RhdCBwcm9kJmFhY3V0ZTt2YWomaWFjdXRlO2MmaWFjdXRlO2hvIG5lYm8genByYWNvdmF0ZWxlIG8gdnlzdsSbdGxlbiZpYWN1dGU7LDwvbGk+DQo8L3VsPg0KPC91bD4NCjxwPjkuOC4yLjwvcD4NCjx1bD4NCjxsaT5wb8W+YWRvdmF0LCBhYnkgcHJvZCZhYWN1dGU7dmFqJmlhY3V0ZTtjJmlhY3V0ZTsgbmVibyB6cHJhY292YXRlbCBvZHN0cmFuaWwgdGFrdG8gdnpuaWtsJnlhY3V0ZTsgc3Rhdi48L2xpPg0KPC91bD4NCjwvbGk+DQo8L3VsPg0KPC91bD4NCjxwPjkuOS48L3A+DQo8dWw+DQo8dWw+DQo8bGk+UG/FviZhYWN1dGU7ZCZhYWN1dGU7LWxpIGt1cHVqJmlhY3V0ZTtjJmlhY3V0ZTsgbyBpbmZvcm1hY2kgbyB6cHJhY292JmFhY3V0ZTtuJmlhY3V0ZTsgc3YmeWFjdXRlO2NoIG9zb2JuJmlhY3V0ZTtjaCAmdWFjdXRlO2RhasWvLCBqZSBtdSBwcm9kJmFhY3V0ZTt2YWomaWFjdXRlO2MmaWFjdXRlOyBwb3ZpbmVuIHR1dG8gaW5mb3JtYWNpIHDFmWVkYXQuIFByb2QmYWFjdXRlO3ZhaiZpYWN1dGU7YyZpYWN1dGU7IG0mYWFjdXRlOyBwciZhYWN1dGU7dm8gemEgcG9za3l0bnV0JmlhY3V0ZTsgaW5mb3JtYWNlIHBvZGxlIHDFmWVkY2hveiZpYWN1dGU7IHbEm3R5IHBvxb5hZG92YXQgcMWZaW3Em8WZZW5vdSAmdWFjdXRlO2hyYWR1IG5lcMWZZXZ5JnNjYXJvbjt1aiZpYWN1dGU7YyZpYWN1dGU7IG4mYWFjdXRlO2tsYWR5IG5lemJ5dG4mZWFjdXRlOyBuYSBwb3NreXRudXQmaWFjdXRlOyBpbmZvcm1hY2UuPC9saT4NCjwvdWw+DQo8L3VsPg0KPHA+OS4xMC48L3A+DQo8dWw+DQo8bGk+xIwmaWFjdXRlO3NsbyByZWdpc3RyYWNlIHByb2QmYWFjdXRlO3ZhaiZpYWN1dGU7YyZpYWN1dGU7aG8gdSAmVWFjdXRlO09PJlVhY3V0ZTsgamUgMDAwMzk2NTEuPC9saT4NCjwvdWw+DQo8L2xpPg0KPGxpPjEwLiBaYXMmaWFjdXRlO2wmYWFjdXRlO24maWFjdXRlOyBvYmNob2RuJmlhY3V0ZTtjaCBzZMSbbGVuJmlhY3V0ZTsgYSB1a2wmYWFjdXRlO2QmYWFjdXRlO24maWFjdXRlOyBjb29raWVzDQo8dWw+DQo8dWw+DQo8dWw+MTAuMS48L3VsPg0KPC91bD4NCjwvdWw+DQo8cD4mbmJzcDs8L3A+DQo8dWw+DQo8dWw+DQo8bGk+S3VwdWomaWFjdXRlO2MmaWFjdXRlOywgdiBwxZkmaWFjdXRlO3BhZMSbIHDFmSZpYWN1dGU7c2x1JnNjYXJvbjtuJmVhY3V0ZTsgbyB2b2xieSBhIHphcyZpYWN1dGU7bCZhYWN1dGU7biZpYWN1dGU7IG5vdmluZWssIHNvdWhsYXMmaWFjdXRlOyBzZSB6YXMmaWFjdXRlO2wmYWFjdXRlO24maWFjdXRlO20gaW5mb3JtYWMmaWFjdXRlOyBzb3V2aXNlaiZpYWN1dGU7YyZpYWN1dGU7Y2ggc2UgemJvxb4maWFjdXRlO20sIHNsdcW+YmFtaSBuZWJvIHBvZG5pa2VtIHByb2QmYWFjdXRlO3ZhaiZpYWN1dGU7YyZpYWN1dGU7aG8gbmEgZWxla3Ryb25pY2tvdSBhZHJlc3Uga3VwdWomaWFjdXRlO2MmaWFjdXRlO2hvIGEgZCZhYWN1dGU7bGUgc291aGxhcyZpYWN1dGU7IHNlIHphcyZpYWN1dGU7bCZhYWN1dGU7biZpYWN1dGU7bSBvYmNob2RuJmlhY3V0ZTtjaCBzZMSbbGVuJmlhY3V0ZTsgcHJvZCZhYWN1dGU7dmFqJmlhY3V0ZTtjJmlhY3V0ZTttIG5hIGVsZWt0cm9uaWNrb3UgYWRyZXN1IGt1cHVqJmlhY3V0ZTtjJmlhY3V0ZTtoby48L2xpPg0KPC91bD4NCjwvdWw+DQo8cD4xMC4yLjwvcD4NCjx1bD4NCjxsaT5LdXB1aiZpYWN1dGU7YyZpYWN1dGU7IHNvdWhsYXMmaWFjdXRlOyBzIHVrbCZhYWN1dGU7ZCZhYWN1dGU7biZpYWN1dGU7bSB0enYuIGNvb2tpZXMgbmEgamVobyBwb8SNJmlhY3V0ZTt0YcSNLiBWJm5ic3A7cMWZJmlhY3V0ZTtwYWTEmywgxb5lIGplIG4mYWFjdXRlO2t1cCBuYSB3ZWJvdiZlYWN1dGU7IHN0ciZhYWN1dGU7bmNlIG1vxb5uJmVhY3V0ZTsgcHJvdiZlYWN1dGU7c3QgYSB6JmFhY3V0ZTt2YXpreSBwcm9kJmFhY3V0ZTt2YWomaWFjdXRlO2MmaWFjdXRlO2hvIHoga3VwbiZpYWN1dGU7IHNtbG91dnkgcGxuaXQsIGFuacW+IGJ5IGRvY2gmYWFjdXRlO3plbG8gayZuYnNwO3VrbCZhYWN1dGU7ZCZhYWN1dGU7biZpYWN1dGU7IHR6di4gY29va2llcyBuYSBwb8SNJmlhY3V0ZTt0YcSNIGt1cHVqJmlhY3V0ZTtjJmlhY3V0ZTtobywgbcWvxb5lIGt1cHVqJmlhY3V0ZTtjJmlhY3V0ZTsgc291aGxhcyBwb2RsZSBwxZllZGNob3omaWFjdXRlOyB2xJt0eSBrZHlrb2xpdiBvZHZvbGF0LjwvbGk+DQo8L3VsPg0KPC9saT4NCjxsaT4xMS4gRG9ydcSNb3YmYWFjdXRlO24maWFjdXRlOw0KPHVsPg0KPHVsPjExLjEuPC91bD4NCjwvdWw+DQo8cD4mbmJzcDs8L3A+DQo8dWw+DQo8bGk+S3VwdWomaWFjdXRlO2MmaWFjdXRlO211IG3Fr8W+ZSBiJnlhY3V0ZTt0IGRvcnXEjW92JmFhY3V0ZTtubyBuYSBlbGVrdHJvbmlja291IGFkcmVzdSBrdXB1aiZpYWN1dGU7YyZpYWN1dGU7aG8uPC9saT4NCjwvdWw+DQo8L2xpPg0KPGxpPjEyLiBaJmFhY3V0ZTt2xJtyZcSNbiZhYWN1dGU7IHVzdGFub3ZlbiZpYWN1dGU7DQo8dWw+DQo8dWw+DQo8dWw+MTIuMS48L3VsPg0KPC91bD4NCjwvdWw+DQo8cD4mbmJzcDs8L3A+DQo8dWw+DQo8dWw+DQo8bGk+UG9rdWQgdnp0YWggemFsb8W+ZW4meWFjdXRlOyBrdXBuJmlhY3V0ZTsgc21sb3V2b3Ugb2JzYWh1amUgbWV6aW4mYWFjdXRlO3JvZG4maWFjdXRlOyAoemFocmFuacSNbiZpYWN1dGU7KSBwcnZlaywgcGFrIHN0cmFueSBzamVkbiZhYWN1dGU7dmFqJmlhY3V0ZTssIMW+ZSZuYnNwO3Z6dGFoIHNlIMWZJmlhY3V0ZTtkJmlhY3V0ZTsgxI1lc2smeWFjdXRlO20gcHImYWFjdXRlO3ZlbS4gVCZpYWN1dGU7bXRvIG5lanNvdSBkb3TEjWVuYSBwciZhYWN1dGU7dmEgc3BvdMWZZWJpdGVsZSB2eXBsJnlhY3V0ZTt2YWomaWFjdXRlO2MmaWFjdXRlOyB6Jm5ic3A7b2JlY27EmyB6JmFhY3V0ZTt2YXpuJnlhY3V0ZTtjaCBwciZhYWN1dGU7dm4maWFjdXRlO2NoIHDFmWVkcGlzxa8uPC9saT4NCjwvdWw+DQo8L3VsPg0KPHA+MTIuMi48L3A+DQo8dWw+DQo8dWw+DQo8bGk+SmUtbGkgbsSba3RlciZlYWN1dGU7IHVzdGFub3ZlbiZpYWN1dGU7IG9iY2hvZG4maWFjdXRlO2NoIHBvZG0maWFjdXRlO25layBuZXBsYXRuJmVhY3V0ZTsgbmVibyBuZSZ1YWN1dGU7xI1pbm4mZWFjdXRlOywgbmVibyBzZSB0YWtvdiZ5YWN1dGU7bSBzdGFuZSwgbmFtJmlhY3V0ZTtzdG8gbmVwbGF0biZ5YWN1dGU7Y2ggdXN0YW5vdmVuJmlhY3V0ZTsgbmFzdG91cCZpYWN1dGU7IHVzdGFub3ZlbiZpYWN1dGU7LCBqZWhvxb4gc215c2wgc2UgbmVwbGF0biZlYWN1dGU7bXUgdXN0YW5vdmVuJmlhY3V0ZTsgY28gbmVqdiZpYWN1dGU7Y2UgcMWZaWJsacW+dWplLiBOZXBsYXRub3N0JmlhY3V0ZTsgbmVibyBuZSZ1YWN1dGU7xI1pbm5vc3QmaWFjdXRlOyBqZWRub2hvIHVzdGFub3ZlbiZpYWN1dGU7IG5lbiZpYWN1dGU7IGRvdGtudXQmYWFjdXRlOyBwbGF0bm9zdCBvc3RhdG4maWFjdXRlO2NoIHVzdGFub3ZlbiZpYWN1dGU7LjwvbGk+DQo8L3VsPg0KPC91bD4NCjxwPjEyLjMuPC9wPg0KPHVsPg0KPHVsPg0KPGxpPkt1cG4maWFjdXRlOyBzbWxvdXZhIHbEjWV0bsSbIG9iY2hvZG4maWFjdXRlO2NoIHBvZG0maWFjdXRlO25layBqZSBhcmNoaXZvdiZhYWN1dGU7bmEgcHJvZCZhYWN1dGU7dmFqJmlhY3V0ZTtjJmlhY3V0ZTttIHYmbmJzcDtlbGVrdHJvbmljayZlYWN1dGU7IHBvZG9ixJsgYSBuZW4maWFjdXRlOyBwxZkmaWFjdXRlO3N0dXBuJmFhY3V0ZTsuPC9saT4NCjwvdWw+DQo8L3VsPg0KPHA+MTIuNC48L3A+DQo8dWw+DQo8dWw+DQo8bGk+UMWZJmlhY3V0ZTtsb2h1IG9iY2hvZG4maWFjdXRlO2NoIHBvZG0maWFjdXRlO25layB0dm/FmSZpYWN1dGU7IHZ6b3JvdiZ5YWN1dGU7IGZvcm11bCZhYWN1dGU7xZkgcHJvIG9kc3RvdXBlbiZpYWN1dGU7IG9kIGt1cG4maWFjdXRlOyBzbWxvdXZ5LjwvbGk+DQo8L3VsPg0KPC91bD4NCjxwPjEyLjUuPC9wPg0KPHVsPg0KPGxpPktvbnRha3RuJmlhY3V0ZTsgJnVhY3V0ZTtkYWplIHByb2QmYWFjdXRlO3ZhaiZpYWN1dGU7YyZpYWN1dGU7aG86IE9uZMWZZWogRGFkb2ssIE51JnNjYXJvbjtsb3ZhIDI1LCAxNTggMDAsIFByYWhhIDUgJm5kYXNoOyBTdG9kxa9sa3k7IGVtYWlsOiBpbmZvQG9iamVjdGl2ZS1jLmN6OyB0ZWw6ICs0MjA3NzQwMTk5MDMuPC9saT4NCjwvdWw+DQo8L2xpPg0KPC91bD4NCjxwPlYgUHJhemUsIGRuZSAxLjkuMjAxNC48L3A+DQo8cD5PYmNob2RuJmlhY3V0ZTsgcG9kbSZpYWN1dGU7bmt5IGpzb3UgdiBwbGF0bm9zdGkgb2QgMS45LjIwMTQuIFptxJtueSBqc291IHZ5aHJhemVueS48L3A+;;;;LCw=;;
Press;press;1553033873;;PHRhYmxlIHN0eWxlPSJoZWlnaHQ6IDEyNjZweDsiIHdpZHRoPSIxMDAlIj4NCjx0Ym9keT4NCjx0cj4NCjx0ZCBzdHlsZT0id2lkdGg6IDMwMHB4OyI+PGEgaHJlZj0iL3RlbXBsYXRlcy9vYmplY3RpdmUtYy9pbWFnZXMvbG9nb3cyLnBkZiIgcmVsPSJhdHRhY2htZW50IHdwLWF0dC0yMTkiPjxpbWcgY2xhc3M9ImFsaWdubm9uZSB3cC1pbWFnZS0yMTkgc2l6ZS1tZWRpdW0iIHNyYz0iL3RlbXBsYXRlcy9vYmplY3RpdmUtYy9pbWFnZXMvR3JvdXAtMzAweDMwMC5wbmciIHNpemVzPSIobWF4LXdpZHRoOiAzMDBweCkgMTAwdncsIDMwMHB4IiBzcmNzZXQ9Ii90ZW1wbGF0ZXMvb2JqZWN0aXZlLWMvaW1hZ2VzL0dyb3VwLTMwMHgzMDAucG5nIDMwMHcsIC90ZW1wbGF0ZXMvb2JqZWN0aXZlLWMvaW1hZ2VzL0dyb3VwLTE1MHgxNTAucG5nIDE1MHcsIC90ZW1wbGF0ZXMvb2JqZWN0aXZlLWMvaW1hZ2VzL0dyb3VwLTc2OHg3NjgucG5nIDc2OHcsIC90ZW1wbGF0ZXMvb2JqZWN0aXZlLWMvaW1hZ2VzL0dyb3VwLTYwMHg2MDAucG5nIDYwMHcsIC90ZW1wbGF0ZXMvb2JqZWN0aXZlLWMvaW1hZ2VzL0dyb3VwLTkweDkwLnBuZyA5MHcsIC90ZW1wbGF0ZXMvb2JqZWN0aXZlLWMvaW1hZ2VzL0dyb3VwLnBuZyA4MDV3IiBhbHQ9Ikdyb3VwIiB3aWR0aD0iMzAwIiBoZWlnaHQ9IjMwMCIgLz48L2E+PC90ZD4NCjx0ZD4NCjxoMj4mbmJzcDsgTG9nbyB2IFs8YSBocmVmPSIvdGVtcGxhdGVzL29iamVjdGl2ZS1jL2ltYWdlcy9sb2dvdzIucGRmIj5QREY8L2E+XTwvaDI+DQo8L3RkPg0KPC90cj4NCjx0cj4NCjx0ZD48YSBocmVmPSIvdGVtcGxhdGVzL29iamVjdGl2ZS1jL2ltYWdlcy9sb2dvdy5wZGYiIHJlbD0iYXR0YWNobWVudCB3cC1hdHQtMjIyIj48aW1nIGNsYXNzPSJhbGlnbm5vbmUgd3AtaW1hZ2UtMjIyIHNpemUtbWVkaXVtIiBzcmM9Ii90ZW1wbGF0ZXMvb2JqZWN0aXZlLWMvaW1hZ2VzL1JlY3RhbmdsZS02Ni1Db3B5LTItR3JvdXAtMzAweDMwMC5wbmciIHNpemVzPSIobWF4LXdpZHRoOiAzMDBweCkgMTAwdncsIDMwMHB4IiBzcmNzZXQ9Ii90ZW1wbGF0ZXMvb2JqZWN0aXZlLWMvaW1hZ2VzL1JlY3RhbmdsZS02Ni1Db3B5LTItR3JvdXAtMzAweDMwMC5wbmcgMzAwdywgL3RlbXBsYXRlcy9vYmplY3RpdmUtYy9pbWFnZXMvUmVjdGFuZ2xlLTY2LUNvcHktMi1Hcm91cC0xNTB4MTUwLnBuZyAxNTB3LCAvdGVtcGxhdGVzL29iamVjdGl2ZS1jL2ltYWdlcy9SZWN0YW5nbGUtNjYtQ29weS0yLUdyb3VwLTc2OHg3NjgucG5nIDc2OHcsIC90ZW1wbGF0ZXMvb2JqZWN0aXZlLWMvaW1hZ2VzL1JlY3RhbmdsZS02Ni1Db3B5LTItR3JvdXAtNjAweDYwMC5wbmcgNjAwdywgL3RlbXBsYXRlcy9vYmplY3RpdmUtYy9pbWFnZXMvUmVjdGFuZ2xlLTY2LUNvcHktMi1Hcm91cC05MHg5MC5wbmcgOTB3LCAvdGVtcGxhdGVzL29iamVjdGl2ZS1jL2ltYWdlcy9SZWN0YW5nbGUtNjYtQ29weS0yLUdyb3VwLnBuZyA4MDV3IiBhbHQ9IlJlY3RhbmdsZSA2NiBDb3B5IDIgKyBHcm91cCIgd2lkdGg9IjMwMCIgaGVpZ2h0PSIzMDAiIC8+PC9hPjwvdGQ+DQo8dGQ+DQo8aDI+Jm5ic3A7PC9oMj4NCjxoMj4mbmJzcDsgTG9nbyB2IFs8YSBocmVmPSIvdGVtcGxhdGVzL29iamVjdGl2ZS1jL2ltYWdlcy9sb2dvdy5wZGYiPlBERjwvYT5dPC9oMj4NCjwvdGQ+DQo8L3RyPg0KPHRyPg0KPHRkPjxhIGhyZWY9Ii90ZW1wbGF0ZXMvb2JqZWN0aXZlLWMvaW1hZ2VzL2xvZ29iMS5wZGYiIHJlbD0iYXR0YWNobWVudCB3cC1hdHQtMjIwIj48aW1nIGNsYXNzPSJhbGlnbm5vbmUgd3AtaW1hZ2UtMjIwIHNpemUtbWVkaXVtIiBzcmM9Ii90ZW1wbGF0ZXMvb2JqZWN0aXZlLWMvaW1hZ2VzL1JlY3RhbmdsZS02Ni1Hcm91cC0zMDB4MzAwLnBuZyIgc2l6ZXM9IihtYXgtd2lkdGg6IDMwMHB4KSAxMDB2dywgMzAwcHgiIHNyY3NldD0iL3RlbXBsYXRlcy9vYmplY3RpdmUtYy9pbWFnZXMvUmVjdGFuZ2xlLTY2LUdyb3VwLTMwMHgzMDAucG5nIDMwMHcsIC90ZW1wbGF0ZXMvb2JqZWN0aXZlLWMvaW1hZ2VzL1JlY3RhbmdsZS02Ni1Hcm91cC0xNTB4MTUwLnBuZyAxNTB3LCAvdGVtcGxhdGVzL29iamVjdGl2ZS1jL2ltYWdlcy9SZWN0YW5nbGUtNjYtR3JvdXAtNzY4eDc2OC5wbmcgNzY4dywgL3RlbXBsYXRlcy9vYmplY3RpdmUtYy9pbWFnZXMvUmVjdGFuZ2xlLTY2LUdyb3VwLTYwMHg2MDAucG5nIDYwMHcsIC90ZW1wbGF0ZXMvb2JqZWN0aXZlLWMvaW1hZ2VzL1JlY3RhbmdsZS02Ni1Hcm91cC05MHg5MC5wbmcgOTB3LCAvdGVtcGxhdGVzL29iamVjdGl2ZS1jL2ltYWdlcy9SZWN0YW5nbGUtNjYtR3JvdXAucG5nIDgwNnciIGFsdD0iUmVjdGFuZ2xlIDY2ICsgR3JvdXAiIHdpZHRoPSIzMDAiIGhlaWdodD0iMzAwIiAvPjwvYT48L3RkPg0KPHRkPg0KPGgyPiZuYnNwOyBMb2dvIHYgWzxhIGhyZWY9Ii90ZW1wbGF0ZXMvb2JqZWN0aXZlLWMvaW1hZ2VzL2xvZ29iMS5wZGYiPlBERjwvYT5dPC9oMj4NCjwvdGQ+DQo8L3RyPg0KPHRyPg0KPHRkPjxhIGhyZWY9Ii90ZW1wbGF0ZXMvb2JqZWN0aXZlLWMvaW1hZ2VzL2xvZ29iMi5wZGYiIHJlbD0iYXR0YWNobWVudCB3cC1hdHQtMjIxIj48aW1nIGNsYXNzPSJhbGlnbm5vbmUgc2l6ZS1tZWRpdW0gd3AtaW1hZ2UtMjIxIiBzcmM9Ii90ZW1wbGF0ZXMvb2JqZWN0aXZlLWMvaW1hZ2VzL1JlY3RhbmdsZS02Ni1Db3B5LUdyb3VwLUNvcHktNy1PYmplY3RpdmUtQy1Db3B5LTMwMHgzMDAucG5nIiBzaXplcz0iKG1heC13aWR0aDogMzAwcHgpIDEwMHZ3LCAzMDBweCIgc3Jjc2V0PSIvdGVtcGxhdGVzL29iamVjdGl2ZS1jL2ltYWdlcy9SZWN0YW5nbGUtNjYtQ29weS1Hcm91cC1Db3B5LTctT2JqZWN0aXZlLUMtQ29weS0zMDB4MzAwLnBuZyAzMDB3LCAvdGVtcGxhdGVzL29iamVjdGl2ZS1jL2ltYWdlcy9SZWN0YW5nbGUtNjYtQ29weS1Hcm91cC1Db3B5LTctT2JqZWN0aXZlLUMtQ29weS0xNTB4MTUwLnBuZyAxNTB3LCAvdGVtcGxhdGVzL29iamVjdGl2ZS1jL2ltYWdlcy9SZWN0YW5nbGUtNjYtQ29weS1Hcm91cC1Db3B5LTctT2JqZWN0aXZlLUMtQ29weS03Njh4NzY4LnBuZyA3Njh3LCAvdGVtcGxhdGVzL29iamVjdGl2ZS1jL2ltYWdlcy9SZWN0YW5nbGUtNjYtQ29weS1Hcm91cC1Db3B5LTctT2JqZWN0aXZlLUMtQ29weS02MDB4NjAwLnBuZyA2MDB3LCAvdGVtcGxhdGVzL29iamVjdGl2ZS1jL2ltYWdlcy9SZWN0YW5nbGUtNjYtQ29weS1Hcm91cC1Db3B5LTctT2JqZWN0aXZlLUMtQ29weS05MHg5MC5wbmcgOTB3LCAvdGVtcGxhdGVzL29iamVjdGl2ZS1jL2ltYWdlcy9SZWN0YW5nbGUtNjYtQ29weS1Hcm91cC1Db3B5LTctT2JqZWN0aXZlLUMtQ29weS5wbmcgODA2dyIgYWx0PSJSZWN0YW5nbGUgNjYgQ29weSArIEdyb3VwIENvcHkgNyArIE9iamVjdGl2ZS1DIENvcHkiIHdpZHRoPSIzMDAiIGhlaWdodD0iMzAwIiAvPjwvYT48L3RkPg0KPHRkPg0KPGgyPiZuYnNwOyBMb2dvIHYgWzxhIGhyZWY9Ii90ZW1wbGF0ZXMvb2JqZWN0aXZlLWMvaW1hZ2VzL2xvZ29iMi5wZGYiPlBERjwvYT5dPC9oMj4NCjwvdGQ+DQo8L3RyPg0KPHRyPg0KPHRkPjxpZnJhbWUgc3JjPSJodHRwOi8vd3d3Lm9iamVjdGl2ZS1jLmN6L2FkLz9pZD0xIiB3aWR0aD0iMjUwIiBoZWlnaHQ9IjI1MCIgZnJhbWVib3JkZXI9IjAiPjwvaWZyYW1lPjwvdGQ+DQo8dGQ+UHJvIHZsb8W+ZW4maWFjdXRlOyBiYW5uZXJ1IHBvdcW+aWp0ZSBIVE1MIGsmb2FjdXRlO2Q6DQo8cD4mbmJzcDs8L3A+DQo8cD4mbHQ7aWZyYW1lIGhlaWdodD0yNTAgd2lkdGg9MjUwIGZyYW1lYm9yZGVyPTAgc3JjPWh0dHA6Ly93d3cub2JqZWN0aXZlLWMuY3ovYWQvP2lkPTEmZ3Q7Jmx0Oy9pZnJhbWUmZ3Q7PC9wPg0KPC90ZD4NCjwvdHI+DQo8L3Rib2R5Pg0KPC90YWJsZT4=;;;;LCw=;;;;;;;;;;;;;;;;;;;;
Blog;blog;1553299279;;;;;blog.php;LCw=;;;;;;;;;;;;;;;;;
