Kontakt:4;contact;1513526277;;;;;contact.php;LCw=;;;;;;;;;;
Objednávka:2;objednavka;1513642520;;PHA+PGltZyBzcmM9ImRhdGE6aW1hZ2UvanBlZztiYXNlNjQsLzlqLzRRQVlSWGhwWmdBQVNVa3FBQWdBQUFBQUFBQUFBQUFBQVAvc0FCRkVkV05yZVFBQkFBUUFBQUF5QUFELzRRTXJhSFIwY0RvdkwyNXpMbUZrYjJKbExtTnZiUzk0WVhBdk1TNHdMd0E4UDNod1lXTnJaWFFnWW1WbmFXNDlJdSs3dnlJZ2FXUTlJbGMxVFRCTmNFTmxhR2xJZW5KbFUzcE9WR042YTJNNVpDSS9QaUE4ZURwNGJYQnRaWFJoSUhodGJHNXpPbmc5SW1Ga2IySmxPbTV6T20xbGRHRXZJaUI0T25odGNIUnJQU0pCWkc5aVpTQllUVkFnUTI5eVpTQTFMak10WXpBeE1TQTJOaTR4TkRVMk5qRXNJREl3TVRJdk1ESXZNRFl0TVRRNk5UWTZNamNnSUNBZ0lDQWdJQ0krSUR4eVpHWTZVa1JHSUhodGJHNXpPbkprWmowaWFIUjBjRG92TDNkM2R5NTNNeTV2Y21jdk1UazVPUzh3TWk4eU1pMXlaR1l0YzNsdWRHRjRMVzV6SXlJK0lEeHlaR1k2UkdWelkzSnBjSFJwYjI0Z2NtUm1PbUZpYjNWMFBTSWlJSGh0Ykc1ek9uaHRjRDBpYUhSMGNEb3ZMMjV6TG1Ga2IySmxMbU52YlM5NFlYQXZNUzR3THlJZ2VHMXNibk02ZUcxd1RVMDlJbWgwZEhBNkx5OXVjeTVoWkc5aVpTNWpiMjB2ZUdGd0x6RXVNQzl0YlM4aUlIaHRiRzV6T25OMFVtVm1QU0pvZEhSd09pOHZibk11WVdSdlltVXVZMjl0TDNoaGNDOHhMakF2YzFSNWNHVXZVbVZ6YjNWeVkyVlNaV1lqSWlCNGJYQTZRM0psWVhSdmNsUnZiMnc5SWtGa2IySmxJRkJvYjNSdmMyaHZjQ0JEVXpZZ0tGZHBibVJ2ZDNNcElpQjRiWEJOVFRwSmJuTjBZVzVqWlVsRVBTSjRiWEF1YVdsa09qTTFNakpHTjBZMk1qa3dOREV4UlRkQ01FTXdPVUZFTkVVM00wUXhSRGxHSWlCNGJYQk5UVHBFYjJOMWJXVnVkRWxFUFNKNGJYQXVaR2xrT2pNMU1qSkdOMFkzTWprd05ERXhSVGRDTUVNd09VRkVORVUzTTBReFJEbEdJajRnUEhodGNFMU5Pa1JsY21sMlpXUkdjbTl0SUhOMFVtVm1PbWx1YzNSaGJtTmxTVVE5SW5odGNDNXBhV1E2TXpVeU1rWTNSalF5T1RBME1URkZOMEl3UXpBNVFVUTBSVGN6UkRGRU9VWWlJSE4wVW1WbU9tUnZZM1Z0Wlc1MFNVUTlJbmh0Y0M1a2FXUTZNelV5TWtZM1JqVXlPVEEwTVRGRk4wSXdRekE1UVVRMFJUY3pSREZFT1VZaUx6NGdQQzl5WkdZNlJHVnpZM0pwY0hScGIyNCtJRHd2Y21SbU9sSkVSajRnUEM5NE9uaHRjRzFsZEdFK0lEdy9lSEJoWTJ0bGRDQmxibVE5SW5JaVB6Ny83Z0FPUVdSdlltVUFaTUFBQUFBQi85c0FoQUFJQmdZR0JnWUlCZ1lJREFnSENBd09DZ2dJQ2c0UURRME9EUTBRRVF3T0RRME9EQkVQRWhNVUV4SVBHQmdhR2hnWUl5SWlJaU1uSnljbkp5Y25KeWNuQVFrSUNBa0tDUXNKQ1FzT0N3MExEaEVPRGc0T0VSTU5EUTRORFJNWUVROFBEdzhSR0JZWEZCUVVGeFlhR2hnWUdob2hJU0FoSVNjbkp5Y25KeWNuSnlmL3dBQVJDQUUyQTJZREFTSUFBaEVCQXhFQi84UUFtd0FCQUFJQ0F3RUFBQUFBQUFBQUFBQUFBQUlEQVFRRkJ3Z0dBUUVCQVFFQkFBQUFBQUFBQUFBQUFBQUFBUUlEQkJBQkFBSUJBZ01FQlFjS0FRb0ZCUUFBQUFFQ0F4RUVJUVVHTVZFU0IwRmhjVElUZ1pHaHNTSlNGTUZDWW5LQ2txS3lJek56MGVIQ1U2UEROQlVsQ1BCRGt5UW04V096VkdRUkFRRUFBd0VBQUFZREFBQUFBQUFBQUFBQkVURUNJVUZSWVhFeUE0RVNRdi9hQUF3REFRQUNFUU1SQUQ4QTdyQVphQUFBQUFBQUFBQUFBQUFBQUFBQUFBQUFBQUFBQUFBQUFBQUFBQUFBQUFBQUFBQUFBQUFBQUFBQUFBQUFBQUFBQUFBQUFBQUFBQUFBQUFBQUFBQUFBQUFBQUFBQUFBQUFBQUFBQUFBQUFBQUFBQUFBQUFBQUFBQUFBQUFBQUFBQUFBQUFBQUFBQUFBQUFBQUFBQUFBQUFBQUFBQUFBQUFBQUFBQUFBQUFBQUFBQUFBQUFBQUFBQUFBQUFBQUFBQUFBQUFBQUFBQUFBQUFBQUFBQUFBQUFBQUFBQUFBQUFBQUFBQUFBQUFBQUFBQUFBQUFBQUFBQUFBQUFBQUFBQUFBQUFBQUFBQUFBQUFBQUFBQUFBQUFBQUFBQUFRelpzTzN4WHo3akpYRmh4eE5zbVM4eFd0YXgyemEwOElnRTN6WFdYV25MK2p0bGp6YmlrN25lN3FiVTJPeHBhSzJ5V3JHdHJXdE92aHBYV1BGYlI4cDFMNTQ5TThvdmZiY214MzUxdWE4SnZpdEdQYlJQK05hTFRiOW1zeDYzUi9WL1dmTnV0T1pZK1pjempIZ3RoeHpnd1lkdDRxMXJqbTAyNHphMXBtWjE0eXVFdGZaYzU4MStzZDllWmptZURsR0dlekR0TWRiVzAvU3laL0hmWDlYUjhidnVzdWY3dkphTnoxRHpEUFNKMGovQU54a3JXWTcvRFNZcStjMHg5MGZXekUxN3ZvVm4zNXVSdHpqSmVkYjc3YzJudnRrdE0vVExjNWJ6YmJlTy80dm0rKzJzUkVmRHRnMXRNejZmRTRlbEwyOTNITS9JdGpiWkovTmlQYm9KY2ZOOXZzZXFkenQ5UDhBbC9YRy93QU9uWlRjK085UDNiNjFjMXRmT3pxamt1Nm5hYjdKdE9mYmVrVm1OMVN2d2IzaVkxNFd4ZlppZS9XanE2ZHBmMDBpZllybkJqMTBtbWsvTEFUNzJ2VnZSZm1OeVByU3M0ZHI0dHJ6SEhYeDVkamxtSnQ0WTRUYkhlT0Y2eDhrK3A5ZThiZFBjMHo5Tzg2MlBPZHJFM3Zzc3RjdndwdE5mSFdPRnNjMmlKbUl0V1ppWG9ucG56ZzZVNS9hbTIzZVMzSjk3YlNJdzd5YXhpdGFmUmp6eDlpZjJ2RFBxU3hxVjJBRVRFeEV4T3NUeGlZRWFBQUFBQUFBQUFBQUFBQUFBQUFBQUFBQUFBQUFBQUFBQUFBQUFBQUFBQUFBQUFBQUFBQUFBQUFBQUFBQUFBQUFBQUFBQUFBQUFBQUFBQUFBQUFBQUFBQUFBQUFBQUFBQVJ5Wk1lSEhmTmx0Rk1lT3MzdmUwNlZyV3NhemFabnNpSUJ4UFUzVTNLK2srVlplYjgyeVRYRlQ3T1BGVFNjbVhKUHU0OGRabU5iVDlFY1o0UE1QV25tSno3clRjVEc4eVR0dVcxbitqeXpEYWZoUnBQQzJXZUh4Yit1ZUhkRUorWkhXdWZyTG4rVFBTOHh5emFUYkR5M0RQQ0l4Njhjc3g5N0pwclB5UjZIeDBScXNqSnJNOW5BOFBlendTaUZHSXJEY3cyMmxPL3dBWGZhR3RwUGRMT2dsY25TK08vdTJpZlVzOE1SeG5nNG1JVG1iVzRUTXo3Um5Ea1p5NGE5dDRWM3liWEpHbHJmTHB4YVdqT2dtRTVtdGJhUmJ4VjlGb1NpSzJqU2VNVDJ3cjBack13Sys1Nk04eU9mZEkzeDdhY2x0OXlpSmlMYkROYVorSFgvOEFudk9zNC8xZmQ5VDBWMC8xRHlycWJsMU9aOHB6ZkZ3Mit6ZWs4TW1POGR0TWxmemJSL25qZzhoVnRFdm8raitxOS8waHphbk1OcE0zMjk5S2IzYTY2VnpZdGV6MVdqdHJiMFQ2dFltV0xPc2JlcmhxOHM1bHMrY2N2MjNNOWhrK0x0ZDFTTW1LL3FuMFRIb21KNFRIb2x0STZBQUFBQUFBQUFBQUFBQUFBQUFBQUFBQUFBQUFBQUFBQUFBQUFBQUFBQUFBQUFBQUFBQUFBQUFBQUFBQUFBQUFBQUFBQUFBQUFBQUFBQUFBQUFBQUFBQUFBQUFBQURyZnpyNmp2eVRwRzNMOXZidzdubkY1MnNhVHBNWVlqeFo1ajJ4cFNmVloyUTg3ZWQzTWJiL3JiWThwOFd1SFlZTWNUVHV5WnBuTGVmbHA0Q0pkUGhkbnl6Qmh4MXRscEY4MHhFMm0zR0ltZlJFTit1TEhFY0tWajVJWjlLVU51TnFOc09DWW1iWTZURWNaMXJEaDRyU2JXdFdzVmkwenBFUjZITVpwMHdaSi9SbHhGUGRnSW5FUWxGYXoyeEVvd25DREU0TU51MmtLNTVmUzlvcmpud3phWWlOZXppMklXWXY3dFAxbyt0VXpYTFlPaEp0V3RzMjcwbVkxMHBIK1Z0MTZDMk9uSGQ1ZGZaRDZqRi9icDdJV2VLc2R0b2oyeXVHUDdkZk44bGZvRGJUSDlQZTVJbjlLc1M0VG5mUzI0NUxncnVwelZ6NFp0NFowaVltSm5zMWRseGFKN09QczR1SDZzcEYrUTdyeFI3c1JhTlluMFNtRm5WenQxZEV6RXI2VzFocS9GeGZmcjg4TGNWdGV5ZUNPanV6eU82anRGOTUwdnViek5aaWQ1c2RmUk1hVnpZNDl2MmJSSDYwdTZIbG55NzN2NERyWGt1ZnhlR0w3aU1FejZOTThUZzAvamVwa3JweGZBQkdnQUFBQUFBQUFBQUFBQUFBQUFBQUFBQUFBQUFBQUFBQUFBQUFBQUFBQUFBQUFBQUFBQUFBQUFBQUFBQUFBQUFBQUFBQUFBQUFBQUFBQUFBQUFBQUFBQUFBQUFCNVg4d2MxdHg1bTgwdGZ0cHVLNCtQZGp4VXBIMFE5VVBLUFhVVFh6TDV2RnY4QTl5ZnB4MW1GalBXbGNKUXhETFRpaHVQK0h5ZnF5NGludXc1alBHdURKK3JMaDZlN0FzVGhPRUlTaEJPRm1MKzVUOWFQclZ3c3hmM2NmNjBmV3FWM3YwVjAvd0FzNXBzNTN2TUsyelRXMDQ2WVBGTmFSNFlpZGJlSGpiWFY5eGo1WHl2YTFpTnZzY0dPSTdzZFpuNTdSTDQ3eTQzSDJOMXROZXo0ZVdQMm9tay9WRDcyM3VxMXhKL1dWR2xNZGZkeDBqMlZySDVHeml4NDc2eGZIUzBhZGsxaWZ5S0t0bkIyejdCdFRuNUp5VGR4TWJybG0wenhQYkdUQmp0L05WOFh6anlwNkc1MUZxMTVaWGx1NHZ3eDdybDh6aG1zejJUT1BqanQ3SnE3Q3RPbFpudWlYQ2MwM3NjdDVYditZek9uNFBiWnMrcytpY2VPMXEvVEFQS2ZLYS9ndXBkbmppOFpQd25NYVk0eVJHa1crRG5pdmowOWZoMWV1WGp2a3MydnpQbDk3OGIzM0dLOTU3N1d5UmFmcGw3RVlweDhRQkd3QUFBQUFBQUFBQUFBQUFBQUFBQUFBQUFBQUFBQUFBQUFBQUFBQUFBQUFBQUFBQUFBQUFBQUFBQUFBQUFBQUFBQUFBQUFBQUFBQUFBQUFBQUFBQUFBQUFBQUFCNVo4emNmNGZ6UDVsK25sMitUOS9CamVwbm1qenB3eHQvTVA0MGNQajdmYTVaK1R4WXY5Qll6MXB3M3BaaGllMlVvYWNVY3NhNGJ4K2pMaGFlN0RuTHhyUzBlcVhCVTdFV0xJWmlVWVNCS0pZeVpKeCtHMGVqaVFyM0h1d0RzM3lpNmx6Ym5xei9sMmVZaW00Mm1Yd3orbGhtdVNJK2JWM3piM1plVS9MalBPMjY2NUpuMTBpdTQ4Ti8xYjF0am4rWjZ0N2EvSXNhNThtR0t0ckIyeTFhTnJCMnlyUzNMT21LOCtwOEQ1cDcyTmg1Zjg3dnJwZmM0NmJUSDY3WjhsYWZ5NnZ2ZHhPbUdmWE1RNmY4QVBqZWZDNmE1WHNJblQ4WnYvSGFPK3UzeFd0L05lQ3BYUzNUOVBpYys1VmpqOC9lYmV2ejVhdzlmUEtYUWUxamVkWmNqd3pHc1J1OFdXWS93cCtML0FLRDFheFY0MEFJMkFBQUFBQUFBQUFBQUFBQUFBQUFBQUFBQUFBQUFBQUFBQUFBQUFBQUFBQUFBQUFBQUFBQUFBQUFBQUFBQUFBQUFBQUFBQUFBQUFBQUFBQUFBQUFBQUFBQUFBQVBQZi9jQnRaeGRSOHIzOFJwR2JhZkQxOWVMTGUzMVpJZWhIUzMvQUhEYlh4YkhrbTlpT09QSnVNTXordlhIZVA1SklsMDY0ck9zUlBmRVQ4OEpRcDIxdkh0OE4rK2xmcVh3MjRNejJUSHFjRFhockhkTS9XNStIQXpHbVRKSGRhVVhsbUdVV1JVb1F6KzRsQ0dmKzJEa3VqUHM4L3daNC84QUkvcS91ekV2V21HOFpjVk1rZGw2eGFQWmFOWGxIb2pINCtaNXJkMktZK2VkSHAvcDdQOEFpZVM3RE5yck5zTk5ma2p3L2tXRS9LeHlGRzNnN1phdGUzNVcxdC9TcmJPNm4rbkVkOHVnUFB6ZXhrNXh5UGxzVy80ZmE1dHhldmRPYkpGS3pQN09OMzd1NTRVajJ5OHcrY1c3L0ZlWVhNTWNUckd6d2JiYmV5YTQvaVdqNThpVkt6NVE3YU54MTNzTHpHc2JmSG55ei82VnNjZlRkNldkQWVSZTFuTDFOdnQzTWZaMit5dFhYdXRreVk5UG9yTHY5bXRjNkFFYUFBQUFBQUFBQUFBQUFBQUFBQUFBQUFBQUFBQUFBQUFBQUFBQUFBQUFBQUFBQUFBQUFBQUFBQUFBQUFBQUFBQUFBQUFBQUFBQUFBQUFBQUFBQUFBQUFBQUFBQUhXWG50dFB4SFJlUFBFYXp0ZDVpeVRQZFcxY21LZnB2RHMxOGo1bzdTTjUwRnp2RnByTk1OYzBlcjRXU21YNnFpWFR6cHl5M2oyR0NlNnVuelMzWEc4a3Q0dGpGZnVYdEg1WEpOdUYzV1ljSGxqVGNaWS9TYzQ0WGRScHU4c2V1SkRsV0FqVE1JNXY3Y3BReG0vdFNEbnVoSy8rNTNkKzZsWStsNkk2SHpmRjZmdzExNDRyNU1mN3R0WSt0NTU2SCt6RzZ0M3pXSGUzbHptOGZMOTdpLzFlZUpqOXVrVCtSWWsvT3ZzWTk2ZmEyOXY2V3IrZExiMi9aWlhSRGN4NHNtT2tlbmg4OHZJZld1OXJ6SHJQcURlVW54VXliN05XbHUrdU9maFIvSTlkN25KWEhrbkxiM2NWSnlUN0t4TnZ5UEU5ODg3bk5tM051M1BseVpaL2J2Ti93QXFWSzdzOGc5dC9UNTV2Smp0dHQ4Tlo5a1piMi9taDNNNnc4aTl0OFBwWGVibWUzY2IyK242dE1lT3NmVHE3UFlyZk9nQVVBQUExaU8yUUJqeFYrOUh6bmpyOTZQbkJrWThWZStHZFlBQUFBQUFBQUFBQUFBQUFBQUFBQUFBQUFBQUFBQUFBQUFBQUFBQUFBQUFBQUFBQUFBQUFBQUFBQUFBQUFBQUFBQUFBQUFBQUFBQUFBQUFBQUFBQWNaMUh0WTMzVDNOZGxNYS9pTm51TVVSNjdZN1ZoeVoyOEo3QWVPK1FXL3A3akg5MjhUODhPWWNkZzIvNERuM051WGFhZkF6Wk1lbitGa3RSeVRiaDFzY1J2bzAzbC9YRVM1ZHhYTUkwM1VUMzFFbTJzQWpUTU1aZjdVbXBsL3RTRG5la2JlREJtbnZ0RHVqeXd6K0xOekxCcitaaXlmVGFycERwMi9nMnR2WGQyejVWYm4vQUs1dThIK3QydXNmc1hpZnlyR2Y5dTJmejIzdC9kdDdXcFB2TnZiKzdQdFYxY1QxUHVQd25KZWNidVowK0JzTnhmWDF4aHRwOUx4bGluVEZUOVdQcWV0dk0zY1R0dWgrcGNzZHM3TzJMLzFacmkvMG5rZUowalR1Wm85UytVbTAvQzlCY3NtZmUzRTVzOXYyc3Q0ci9ERVB0bkJkRTdYOEgwaHlQYnpHbHE3SGIydEg2VjhkYjIrbXpuV1dnRlc0M0dIYTQ1eTVyZUd2WkhmTTkwUUtubHlSaXgzeTI0eFNzMm1JN2RJalY4MWk1cHV0OWFiWHlUanJNNlZwU2RJaVBYTWNaWGJqbXViZHpOS2E0OFU4UERYdG1QMHJma2hIYjQ2NnhFVWlzZXBpM09rY3JqeDdPSWp4WmZIUHBtYlRPcXpGOENPM1RWcDFwRWRqWXg0Wm5qUENBYmRiNEk5UDFyY2Q5cnI5dWVIeXRXTU1ldEw0TStpVjlHOUZ0aDZ2cFJ5Zmc1cnJqbVBGM2Y4QTFhZmdtdmJETVZoYy9ZVzZVOUdrZXdWK0NHWWkxZXpzN2lDWVJPb3FnQUFBQUFBQUFBQUFBQUFBQUFBQUFBQUFBQUFBQUFBQUFBQUFBQUFBQUFBQUFBQUFBQUFBQUFBQUFBQUFBQUFBQUFBQUFBQUFBQUFBQUFBQVBMUFdHMy9BK1pYT3NPbWtaYytUSnAvalJHZi9BRTFUbmZPTGF4c3ZNWER1b2pTTjVnd1piVDN6RVcyLys3Y0UxSEh2WTRybVA5K2srcVljbmFkSWNWdjUxdlNlN1ZXWTE5VFZIVTFScEtETi9hbGlETC9ha0hKY2x0NGRyKzFMc3Z5cXpmOEF5N0hqKy90ZHhIelJXenEvbFZ0TnRIdGwySDVWNVA4QTV0czQ3OXZ1WS9nV00vNi9sMzNQdk5yYis3UHRhcys4Mjl2N3MrMVhWOEQ1eVp2ZytYblBwMTkrZHZqL0FIcytQL0k4clk2M3paS1lzY2EzeVdpdFk3NW1kSWg2Zjg3NTA4dmVheDk3Y2JXUDl0V1huTHBMYmZqdXFlUzdUVFdNMisyMWJmcS9GcjR2b1pxeDdFMmVDTnJ0TUcxcjJZTWRNY2V5bFlyK1JjRExTdlBueDdiRGZQbW5TbEkxbVh5MlhOdU9aNTV6WmZzNDQ0VXA2S3gzZjVXMXpyY3p1dDNYWTQ1L3BZZU9YVDAzbjBmSkJpcEZZaXRZN0dMYytJWThGWTRSRGR4NDRpR01lUFJzVnFnempyWFdOZXh0Vm12ZXErSEVWMVppR2hmR2pFMjd2blFpRTRnRFNaN1dmQ3pFSmFBakVNNkphR2dJNmVtR0U5RVpoUmdCVkFBQUFBQUFBQUFBQUFBQUFBQUFBQUFBQUFBQUFBQUFBQUFBQUFBQUFBQUFBQUFBQUFBQUFBQUFBQUFBQUFBQUFBQUFBQUFBQUFBQUFBQWRFLzhBY0J0cHhjeTVEekdJOTdIbHhUYi9BQXIwdi92SHhVenJ4NytMdEx6KzJQeHVtTmh2b2pXMjIzZncvWlhManZyOU9PSFUySEw0OXRodjk2bForaHFPWDdObVcra09NM002NlQ2MjFtdnEwc3M2d3JNVkFJck1NWlovcHlJNXAreElOM2x0dE52SHRsMkQ1VVQ0dXV0bEhkdDkxUHpZM1hQTHJmMFpqdWwyUjVQVitKMXhpdC9xOWx1clQ4c1VyK1VNZXUvNTk2RzN0L2RuMnRTZmViZTM5MmZhMDI2Mzg4STE4dk9hejNiamF6L3RhdzZLOHB0ck84OHdlUzAwMXJqdmt6VzlYd3NPVEpIMHhEdjd6bHdmRzh1K2ZSSGJqbmJaZjNkeGoveXVuL0lIYWZINnkzTzVtUHM3WFk1YlJQNlY4bVBISDBUTE5hNTA5S0s5em1ydDhHVFBic3gxbTJuZnBIWXNjVDFGbW1teXJpaWVPYThWbjJSOXFmcGlHTHBYRGJTTFdtK2ZKeHlaSm0wejN6UEdYTjh2d1JQOVcwY0k0VjlyaXR2WGhTa2R2NVpmUllhUmpwV2tlaUdZaWZ3cVc3YXdxOEVSazhOZXlHekNqSHh0YTNyYW9zbWtUcDZtWXh3ekNVSUl4am4wTStHWVdRbEhZdUJDdExXN0lYMDIwejcwNkw4Y1JGWTBoTlpFVlJ0NlIyOFVNMktzVjhWWTdPMXNNVEdzVEhldUJvRXN6R2t6SGN3eXFEQ1Z1MUZRQUZBQUFBQUFBQUFBQUFBQUFBQUFBQUFBQUFBQUFBQUFBQUFBQUFBQUFBQUFBQUFBQUFBQUFBQUFBQUFBQUFBQUFBQUFBQUFBQUFBQUFBZkRlYit6L0Y5QTh5bUkxdHQ1dzVxL3M1YVZ0L0RhWG5qWTV0ZVg0WTE0MWlhL05MMVAxZnNvNWowdHpuWnpHczVkbm5pbW4zb3BOcWZ4UkR5WnNiNllMVSs3YWZwV01kdHE5dFpVWko0SjJsWGFlRXF3ckdBVm5WVm5uN09pelZyNXJheURiNWZiaGFydHp5TzIzeGVmODIzc3h3Mit6cGpyYnV0bHk2ekg3dEhUbXl0cGVZNzNvcnlVNVRiWjlNN2ptdVdOTDgyM0U1TVhmOEhESHdhVDdMVDRwSVk5ZGt6N3phMi91ejdXcitkSzNGbmlrekUrN1BwYWFmTytZZXhubUhSdlVtMHJHdDdiSExscFdQVGJGWDQwZnlPcGYrM1haNjVlZjcrWTkydTJ3VW45YWN0N2Z5MWQ5Yml1SFBhK0xKSGp3NXFUanlSMzF0RTF0SHpTNjQ4b2VtYzNTL0srYzdIZFZtTTllYVo4UGluODdIZ2ltUEhhUFZiak1lMW5wZVhZajUzcVBKNHQxdGNQM2Eydk1mclRFUi9LK2lmS2M4dDR1Y2FmY3gwajZiVy9LNTlhYWJQTHErUFBUMWNmbWM5VnduS2VPU1o3cXVhcW5Pa1R0T2xMVDZsV0wzVXNzNlk1OWZCSEg3cTNZdGhPRUlUaFJPRW83RUlUaFJ0NC9jaE5YaTl5Rml4QUJScDVvMHlTZ3QzSHYvSXFZcW9XUlR0MklLQUFvQUFBQUFBQUFBQUFBQUFBQUFBQUFBQUFBQUFBQUFBQUFBQUFBQUFBQUFBQUFBQUFBQUFBQUFBQUFBQUFBQUFBQUFBQUFBQUFBQUFBQ09TbGN1TzJPOGExdkUxdEhxbU5KZU4vZ1cyZTgzZXp2NzJESmJIUHRwYWF6OVQyVThuZGE3UC9BSmQxdnp6YTlrVHVzdVdzZm81cCtQV1BtdXNaNjA0ZVpRbVdabEdaVnpRMVkxWTFZMUdtWm5TR3ZlZFpXMm5nb21ZNHpQWkhhRGt1bnVVYnZuL090bnlYWXhQeDk3a2pINC91VTdjbVdmVlNrVFo2ODJHMjJ2S2VYYmJsMnlyNGR2dGNWTU8zcDNVcEhock0rdWUyZlc2eDhvdWlyOGc1YmJxRG1XS2FjMjVwamlNT0s4YVd3YlNkTFJFeDZMNXRJdFA2T2tlbVhac2F6eGxaQmZXMXA3WjlxeXNxYXJZNEtKNnM4SXRNL2U0elBmUHIrUkdKWjlDV0xFbngvT0ovNjFuanVyVCtXSDJFVHErTjUzdzUzbTlkTWY4QUs1ZDYvbHR5ZkorTnNuc2h6TlpjSnlXZU9UMlE1cXNwTkl4bnR3clh2WXh5cXpYOFdYVHVUcEo4UnNRbkN1c3JJVVRoT0ZjSndvMjhYdVFuQ3ZGUDJJV2F0UkdRRkdydVBmOEFrVlN0M0g5ejVGTEYyckZrRXJJZ0FLb0FBQUFBQUFBQUFBQUFBQUFBQUFBQUFBQUFBQUFBQUFBQUFBQUFBQUFBQUFBQUFBQUFBQUFBQUFBQUFBQUFBQUFBQUFBQUFBQUFBQUE4MWVjdTEvQzlmNXMybW40dmI0TTN0MHI4RC9kUFNyb2p6LzJYdytaOGo1bkVjTTJITnRyVDY4VjY1Sy8vQUpaV2JaNjA2cG1VWmxtWlFtVllRbWVNc2FzVFBHVVpuVGpQWUtYbmc3TjhxL0x5ZWE1c1hWSFBzUDhBMHZEYnhjdjJtU1ArS3lWbis3ZUovd0RKcFA3MCtyVkR5Nzh0TW5PNXhjOTZpeFd4Y29pWXZ0ZG5iV3Q5M3AyWHY2YTRmcHQ2T0hGM3RTdGExclNsWXJTa1JXbEt4RmExcldOSzFyV09FUkVka0xnVzZ6YTAydE9zenhtVmxWZFZ0ZTJGRitPbnBsWmFOWTliRUpRQ0hZbEVzekVTakFKYTZTK1A2aCt6em1aKzlpcFAxeCtSOWc0em0zS01YTXF4a3JNWTkzampUSGw5RXg5eS9xOWZvYysrY3p4cVZ4bko4bWxyK3VJYzFHV0lqWHVmTzh2akx0OXhrd1o2emp5MGpTMUovd0RIR1BXNU8rYjdNVjcrMXpsOFZzVnY0cnpQZTJLeTBjTm01V2VBclpyS3lKVVVsYldXb2kyRTRWd25FcU5pbHRJV1JaUldlQ1VXVkYzaVo4U3JWblVGZWJqZlZVc3QyeXJsS0kyUlpudFlGQUZVQUFBQUFBQUFBQUFBQUFBQUFBQUFBQUFBQUFBQUFBQUFBQUFBQUFBQUFBQUFBQUFBQUFBQUFBQUFBQUFBQUFBQUFBQUFBQUFBQUFBQWRWZWZXeStOMHRzZDdXTmJiWGUxaVo3cTVjZVNzL3hSVjJxK1A4MHRoSE1PZytjWTlOYlljZGR6U2U2Y042NUpuOTJza1M2ZVhvbldzVDZrWmxpay9ZajVtMXl6bG0rNTF6RGI4cTVaaG5Qdk4xYndZc2NUcEhmYTFwOUZheHhtZTVwaHA2V3ZldU9sWnZlOHhXbEt4TnJXdFBDSzFySEdabDNEMEw1VXhndGo1djFiaXJmTkdsdHR5aTJscVU5TVgzV252Vy8rMzJSK2QzUHAralBMN2xmU1ZZM1dTYTc3bk5vMHliNlkremoxN2FiV3R2ZGo5TDNwOVhZK3hoY0NjYXlzcWhWT0ZFNFdWN1lWd3NySEVHekVwd3Jqc1RnRWtQVEtjSVR3a0VqdFloa0d0dXRwaTNNUk5vMHlWalNtU1BlaUo5SHJqMU9EM1ZjMjJ6eGp5eHBFeDlpMGU3YjJTK20wVjVzR1BQU2NlV3NXcFBiRS9XeDF4bjZWcVhEZzhOK3h2NDdOUGNiUEpzclJhSm0yQzA2VnRQYkU5MWx1RytyajdQSzAzNkxvbHJVbGRFdFFYeEtjS3F5bkVxaTZzcEs0bEtKVkU5V2RVZFJSaVpRbG1VWlJVWjdXRDB5QUFLb0FBQUFBQUFBQUFBQUFBQUFBQUFBQUFBQUFBQUFBQUFBQUFBQUFBQUFBQUFBQUFBQUFBQUFBQUFBQUFBQUFBQUFBQUFBQUFBQUFBQUEwK2NiT09ZOHAzL0w1alg4WHQ4MkRUL0VwYW41VzRBOFVVMWlKclBDWW5qRDdIeXQzdE5sMTV5djRreEZkMUdiWjZ6NkxaOGRxMS9palJ3M1ZleS81WjFWenJZeEhocGgzbWFNY2RuMkp2TnFmd3pEamRwdk1uTHQ3dGVZNHY3bXp6WTl4VFR0MXgyaS81R21IcjNGOE9LNlRqck05OHh4VzZiZWUzRkh5TlhEdU1XNXBUYzRKaWNPNHBYTmltT01lREpXTWxmb3NzOFRRdjhHMzlGWmlmYVJURjY0VlJLeUpFV1JqeDk4cksxcEhaUDBLWWxPQVhSRWQvd0JDVVZqNzMwSzRsT0FXeGpwTWNja3hQcWhMNFdIMDVMVDhrSzRTZ0U0dzRJL090OURQdzhFZmUrZUVHZFFZbWxZbmgySFo2VFZnSEdjOXpSVGEweCtuTGtpSS9aanhTNC9iMzdGZlVPNThXL3c3ZUovczA4Vm8vU3ZQRDZJVjdlL0NIbjd1ZTc5UEhTVHh6R09lQytzdFREYlhSczFrZ3ZyS3lGTlpXUkxTTFlTaVZjSlFvbkVzNm94SUFqTXN6S0ZwQWpzQ0JWQUFBQUFBQUFBQUFBQUFBQUFBQUFBQUFBQUFBQUFBQUFBQUFBQUFBQUFBQUFBQUFBQUFBQUFBQUFBQUFBQUFBQUFBQUFBQUFBQUFBQUFBQUFlWXZPUFl6c3V2dDVrMDhOTjdpdzdtbnIxcEdLMC92WTVmQlc3T0x1TC9BTGdkbDRPWjhrNWxFY00ySEx0N1cvd3IxdkVmN1dYVGxwYWpOMjlJK1YzTm81cDBUeTJiV2ljMnc4ZXd6UkU2ekh3WjF4NiszSGVyN0tKNHVrdkl6bTNnM3ZOK1JYdHczR0ttOTI5ZjA4TS9EeWZ3WDErUjNWRXFpK0pUaFZXVmtTb3NoT0pWd25FaUxZVGhWQ3lBV1FsQ0VKUUNRd3lBd1RMUjV0dXZ3Zkx0enVOZExSU2EwOWQ3L1pyOWFXNG1WajVIZGJtTjN6RGNibU9OYjVKaW42dGZzeDlUZDIxdXh3K0RoV0k3dURsTnRic2VYUHhkSE1ZTE55c3VQd1MzYVMyalpyS3lzcWF5c3JLaTJKU1FoS0pWRW1kVVFDVVo0ekVNektOZU5wbnVCSUJwUUFBQUFBQUFBQUFBQUFBQUFBQUFBQUFBQUFBQUFBQUFBQUFBQUFBQUFHQUdXQUdSZ0JsZ0FHV0FHUmdBQUFBQVpZQVpHR1FBQUFZQm5VWUFaQTFBRFVBQUFBQUFBQUFBQjFYNTliQ054MG50ZC9IdjdMZVUxbjlETFMxTGZ4UlY1MnRQQjZ1ODB0aitQNkI1M2kwMW5GaGpjVjlYd0wxelRQelVsNU9tZGF3c1pybk9pdWMxNUIxWnlubW1TZE1HUFBYSHVlT2tmQnpmMHN1djdOdFhxaVk4RnBwTTYrR1pqV095ZlhEeHJhZGVEMVQwVnptT2ZkS2NwNW5OdkhsdGdydDl6UFovVzIvOUcveitHTGZLMUN2cEt5dGlWRlpXMWxVWFZsT0ZWWldSSUxZVGhYQ2RSRmtKUWhDVUNwTTZvbW9oTXZsK3I5M3BUYTdHczhjbHB6WkkvUnA5bXY4QUZMNmFaZkI5Ulh5Wk9kNXB5UnBXdGFVeGV1a1JyRnZsbVhQOXR4ejkvR3VaNm93K2h5R0NkSmNmaG5zY2hoZWVPams4RnV4djQ3T053ejJON0ZMY1pibFpXeEtpc3JheW91aVVvbFhFcFEwSjZtcU9wcUpnbVdhUjluWHY0cTU0enAzclZnQUtvQUFBQUFBQUFBQUFBQUFBQUFBQUFBQUFBQUFBQUFBQUFBQUFBQUFBREFBQUFBQUFBQUFBQUFBQUFBQUFBQUFBQUFBQUFBQURJQUFBY1FBQUFBQWFQTzY3Sy9KdVkwNW5mNGV3dHRjMGJ6SnBNK0hET08zeExhUkV6d3JyNkhpM2NVcml6WmNXSEpHNHhZNzJyajNGSXRXdVNzVE1SZXRja1Z0RVdqanhpSkJZalhuVjNyNUdaTi9QSWVaNHMySzBiQ04xVyswM0V6R2s1ZkJGYytPdGRmRjJlQzJ1bW55Z3BkTzFxNnJhNmcwejhWdFZrQUlzcW5BQXNoS0FGWllBRUxhLzUzeWZWMWR2K00yOXNkNCtOOFBUSlNJbjNOWjhGdGV6dkJ5L2IrTFhMaU1PdkJ5R0hVSENOdC9GcTNzV29OeEczVFhSZFVGUlpDY0FveXhJQXhUMytQeUxBYWdBS0FBQUFBQUFBQUFBQUFBQUFQL1oiIC8+PC9wPg==;;YmFubmVyLXRvcC5qcGc=;checkout.php;LCw=;;;;;;;
Obchod:2;obchod;1513645255;;PGRpdiBjbGFzcz0iYmFubmVyIGJhbm5lci10b3AiPjxpbWcgc3JjPSIvdGVtcGxhdGVzL3Jvc2VtYXJ5L2Fzc2V0cy9pbWFnZXMvYmFubmVycy9iYW5uZXItdG9wLmpwZyIgYWx0PSJCYW5uZXIiIC8+DQo8ZGl2IGNsYXNzPSJiYW5uZXItY29udGVudCI+DQo8aDI+dSZzY2Fyb247ZXTFmWV0ZTxiciAvPm5hIGRvbSZhYWN1dGU7YyZpYWN1dGU7IGRla29yY2k8L2gyPg0KPGEgY2xhc3M9ImFjdGlvbi1saW5rIiBocmVmPSIjIj5Lb3VwaXQgbnluJmlhY3V0ZTs8L2E+PC9kaXY+DQo8L2Rpdj4=;;;shop.php;LCw=;;;;
O nás:3;o-nas;1513526260;;;;;about.php;LCw=;;;;;;;;;;;
Úvod:1;uvod;1513526248;;;;;;LCw=;;;;;;;;;;;;
Checkout:3:2;checkout;1513527357;gb:objednavka;;;;checkout.php;LCw=;;;;;;;;;
Home:1;home;1513526236;gb:home;;;;;LCw=;;;;;;;;;;;;;;
About us:3;about-us;1513526269;gb:o-nas;;;;about.php;LCw=;;;;;;;;;;;
Contact:4;contact;1513526288;gb:contact;;;;contact.php;LCw=;;;;;;;;;;
Shop:2;shop;1513645219;gb:obchod;PGRpdiBjbGFzcz0iYmFubmVyIGJhbm5lci10b3AiPjxpbWcgc3JjPSIvdGVtcGxhdGVzL3Jvc2VtYXJ5L2Fzc2V0cy9pbWFnZXMvYmFubmVycy9iYW5uZXItdG9wLmpwZyIgYWx0PSJCYW5uZXIiIC8+DQo8ZGl2IGNsYXNzPSJiYW5uZXItY29udGVudCI+DQo8aDI+U0F2ZSBiaWcgb248YnIgLz5Ib21lIERlY29yPC9oMj4NCjxhIGNsYXNzPSJhY3Rpb24tbGluayIgaHJlZj0iIyI+U2hvcCBub3c8L2E+PC9kaXY+DQo8L2Rpdj4=;;;shop.php;LCw=;;;;;
Nákupní košík:5;nakupni-kosik;1513689469;;;;;cart.php;LCw=;;
Cart;cart;1513689498;gb:nakupni-kosik;;;;cart.php;LCw=;;
