Moderní křeslo Edison;modern-edison-light;1513526928;;PHA+TG9yZW0gaXBzdW0gZG9sb3Igc2l0IGFtZXQsIGNvbnNlY3RldHVyIGFkaXBpc2ljaW5nIGVsaXQsIHNlZCBkbyBlaXVzbW9kIHRlbXBvciBpbmNpZGlkdW50IHV0IGxhYm9yZSBldCBkb2xvcmUgbWFnbmEgYWxpcXVhLiBVdCBlbmltIGFkIG1pbmltIHZlbmlhbSwgcXVpcyBub3N0cnVkIGV4ZXJjaXRhdGlvbiB1bGxhbWNvIGxhYm9yaXMgbmlzaSB1dCBhbGlxdWlwIGV4IGVhIGNvbW1vZG8gY29uc2VxdWF0LiBEdWlzIGF1dGUgaXJ1cmUgZG9sb3IgaW4gcmVwcmVoZW5kZXJpdCBpbiB2b2x1cHRhdGUgdmVsaXQgZXNzZSBjaWxsdW0gZG9sb3JlIGV1IGZ1Z2lhdCBudWxsYSBwYXJpYXR1ci4gRXhjZXB0ZXVyIHNpbnQgb2NjYWVjYXQgY3VwaWRhdGF0IG5vbiBwcm9pZGVudCw8L3A+DQo8cD5TdW50IGluIGN1bHBhIHF1aSBvZmZpY2lhIGRlc2VydW50IG1vbGxpdCBhbmltIGlkIGVzdCBsYWJvcnVtLiBTZWQgdXQgcGVyc3BpY2lhdGlzIHVuZGUgb21uaXMgaXN0ZSBuYXR1cyBlcnJvciBzaXQgdm9sdXB0YXRlbSBhY2N1c2FudGl1bSBkb2xvcmVtcXVlIGxhdWRhbnRpdW0sIHRvdGFtIHJlbSBhcGVyaWFtLCBlYXF1ZSBpcHNhIHF1YWUgYWIgaWxsbyBpbnZlbnRvcmUgdmVyaXRhdGlzIGV0IHF1YXNpIGFyY2hpdGVjdG8gYmVhdGFlIHZpdGFlIGRpY3RhIHN1bnQgZXhwbGljYWJvLiBOZW1vIGVuaW0gaXBzYW0gdm9sdXB0YXRlbSBxdWlhIHZvbHVwdGFzIHNpdCBhc3Blcm5hdHVyIGF1dCBvZGl0IGF1dCBmdWdpdCwgc2VkIHF1aWEgY29uc2VxdXVudHVyLjwvcD4=;;cHJvZHVjdDEwLmpwZw==;single-product.php;LCw=;cHJpY2U6MjUwLHNrdToyNTAs;;;;;;;;;;;;;;;;;;;;;;;;;;;;;;;;;;;;;;;;
Vlněná šála;woolen-scarf;1513526956;;PHA+TG9yZW0gaXBzdW0gZG9sb3Igc2l0IGFtZXQsIGNvbnNlY3RldHVyIGFkaXBpc2ljaW5nIGVsaXQsIHNlZCBkbyBlaXVzbW9kIHRlbXBvciBpbmNpZGlkdW50IHV0IGxhYm9yZSBldCBkb2xvcmUgbWFnbmEgYWxpcXVhLiBVdCBlbmltIGFkIG1pbmltIHZlbmlhbSwgcXVpcyBub3N0cnVkIGV4ZXJjaXRhdGlvbiB1bGxhbWNvIGxhYm9yaXMgbmlzaSB1dCBhbGlxdWlwIGV4IGVhIGNvbW1vZG8gY29uc2VxdWF0LiBEdWlzIGF1dGUgaXJ1cmUgZG9sb3IgaW4gcmVwcmVoZW5kZXJpdCBpbiB2b2x1cHRhdGUgdmVsaXQgZXNzZSBjaWxsdW0gZG9sb3JlIGV1IGZ1Z2lhdCBudWxsYSBwYXJpYXR1ci4gRXhjZXB0ZXVyIHNpbnQgb2NjYWVjYXQgY3VwaWRhdGF0IG5vbiBwcm9pZGVudCw8L3A+DQo8cD5TdW50IGluIGN1bHBhIHF1aSBvZmZpY2lhIGRlc2VydW50IG1vbGxpdCBhbmltIGlkIGVzdCBsYWJvcnVtLiBTZWQgdXQgcGVyc3BpY2lhdGlzIHVuZGUgb21uaXMgaXN0ZSBuYXR1cyBlcnJvciBzaXQgdm9sdXB0YXRlbSBhY2N1c2FudGl1bSBkb2xvcmVtcXVlIGxhdWRhbnRpdW0sIHRvdGFtIHJlbSBhcGVyaWFtLCBlYXF1ZSBpcHNhIHF1YWUgYWIgaWxsbyBpbnZlbnRvcmUgdmVyaXRhdGlzIGV0IHF1YXNpIGFyY2hpdGVjdG8gYmVhdGFlIHZpdGFlIGRpY3RhIHN1bnQgZXhwbGljYWJvLiBOZW1vIGVuaW0gaXBzYW0gdm9sdXB0YXRlbSBxdWlhIHZvbHVwdGFzIHNpdCBhc3Blcm5hdHVyIGF1dCBvZGl0IGF1dCBmdWdpdCwgc2VkIHF1aWEgY29uc2VxdXVudHVyLjwvcD4=;;cHJvZHVjdDExLmpwZyxwaWMwMS5qcGcscGljMDIuanBnLHBpYzAzLmpwZyxwaWMwNC5qcGcscGljMDUuanBnLHBpYzA2LmpwZyxwaWMwNy5qcGcs;single-product.php;LCw=;cHJpY2U6OTUsc2t1Ojk1LA==;;;;;;;;;;;;;;;;;;;;;;;;;;;;;;;;
Třínohá lampa;tripod-lampshade;1513526970;;PHA+TG9yZW0gaXBzdW0gZG9sb3Igc2l0IGFtZXQsIGNvbnNlY3RldHVyIGFkaXBpc2ljaW5nIGVsaXQsIHNlZCBkbyBlaXVzbW9kIHRlbXBvciBpbmNpZGlkdW50IHV0IGxhYm9yZSBldCBkb2xvcmUgbWFnbmEgYWxpcXVhLiBVdCBlbmltIGFkIG1pbmltIHZlbmlhbSwgcXVpcyBub3N0cnVkIGV4ZXJjaXRhdGlvbiB1bGxhbWNvIGxhYm9yaXMgbmlzaSB1dCBhbGlxdWlwIGV4IGVhIGNvbW1vZG8gY29uc2VxdWF0LiBEdWlzIGF1dGUgaXJ1cmUgZG9sb3IgaW4gcmVwcmVoZW5kZXJpdCBpbiB2b2x1cHRhdGUgdmVsaXQgZXNzZSBjaWxsdW0gZG9sb3JlIGV1IGZ1Z2lhdCBudWxsYSBwYXJpYXR1ci4gRXhjZXB0ZXVyIHNpbnQgb2NjYWVjYXQgY3VwaWRhdGF0IG5vbiBwcm9pZGVudCw8L3A+DQo8cD5TdW50IGluIGN1bHBhIHF1aSBvZmZpY2lhIGRlc2VydW50IG1vbGxpdCBhbmltIGlkIGVzdCBsYWJvcnVtLiBTZWQgdXQgcGVyc3BpY2lhdGlzIHVuZGUgb21uaXMgaXN0ZSBuYXR1cyBlcnJvciBzaXQgdm9sdXB0YXRlbSBhY2N1c2FudGl1bSBkb2xvcmVtcXVlIGxhdWRhbnRpdW0sIHRvdGFtIHJlbSBhcGVyaWFtLCBlYXF1ZSBpcHNhIHF1YWUgYWIgaWxsbyBpbnZlbnRvcmUgdmVyaXRhdGlzIGV0IHF1YXNpIGFyY2hpdGVjdG8gYmVhdGFlIHZpdGFlIGRpY3RhIHN1bnQgZXhwbGljYWJvLiBOZW1vIGVuaW0gaXBzYW0gdm9sdXB0YXRlbSBxdWlhIHZvbHVwdGFzIHNpdCBhc3Blcm5hdHVyIGF1dCBvZGl0IGF1dCBmdWdpdCwgc2VkIHF1aWEgY29uc2VxdXVudHVyLjwvcD4=;;cHJvZHVjdDEyLmpwZyw=;single-product.php;LCw=;cHJpY2U6MTgwLHNrdToxODAs;;;;;;;;;;;;;;;;;;;;;;;;;;;;;;;
Lampa na svíčku;clay-lamp;1513526982;;PHA+TG9yZW0gaXBzdW0gZG9sb3Igc2l0IGFtZXQsIGNvbnNlY3RldHVyIGFkaXBpc2ljaW5nIGVsaXQsIHNlZCBkbyBlaXVzbW9kIHRlbXBvciBpbmNpZGlkdW50IHV0IGxhYm9yZSBldCBkb2xvcmUgbWFnbmEgYWxpcXVhLiBVdCBlbmltIGFkIG1pbmltIHZlbmlhbSwgcXVpcyBub3N0cnVkIGV4ZXJjaXRhdGlvbiB1bGxhbWNvIGxhYm9yaXMgbmlzaSB1dCBhbGlxdWlwIGV4IGVhIGNvbW1vZG8gY29uc2VxdWF0LiBEdWlzIGF1dGUgaXJ1cmUgZG9sb3IgaW4gcmVwcmVoZW5kZXJpdCBpbiB2b2x1cHRhdGUgdmVsaXQgZXNzZSBjaWxsdW0gZG9sb3JlIGV1IGZ1Z2lhdCBudWxsYSBwYXJpYXR1ci4gRXhjZXB0ZXVyIHNpbnQgb2NjYWVjYXQgY3VwaWRhdGF0IG5vbiBwcm9pZGVudCw8L3A+DQo8cD5TdW50IGluIGN1bHBhIHF1aSBvZmZpY2lhIGRlc2VydW50IG1vbGxpdCBhbmltIGlkIGVzdCBsYWJvcnVtLiBTZWQgdXQgcGVyc3BpY2lhdGlzIHVuZGUgb21uaXMgaXN0ZSBuYXR1cyBlcnJvciBzaXQgdm9sdXB0YXRlbSBhY2N1c2FudGl1bSBkb2xvcmVtcXVlIGxhdWRhbnRpdW0sIHRvdGFtIHJlbSBhcGVyaWFtLCBlYXF1ZSBpcHNhIHF1YWUgYWIgaWxsbyBpbnZlbnRvcmUgdmVyaXRhdGlzIGV0IHF1YXNpIGFyY2hpdGVjdG8gYmVhdGFlIHZpdGFlIGRpY3RhIHN1bnQgZXhwbGljYWJvLiBOZW1vIGVuaW0gaXBzYW0gdm9sdXB0YXRlbSBxdWlhIHZvbHVwdGFzIHNpdCBhc3Blcm5hdHVyIGF1dCBvZGl0IGF1dCBmdWdpdCwgc2VkIHF1aWEgY29uc2VxdXVudHVyLjwvcD4=;;cHJvZHVjdDEzLmpwZyw=;single-product.php;LCw=;cHJpY2U6MjUwLHNrdToyNTAs;;;;;;;;;;;;;;;;;;;;;;;;;;;;;;
Stropní světlo;ceiling-lights;1513526996;;PHA+TG9yZW0gaXBzdW0gZG9sb3Igc2l0IGFtZXQsIGNvbnNlY3RldHVyIGFkaXBpc2ljaW5nIGVsaXQsIHNlZCBkbyBlaXVzbW9kIHRlbXBvciBpbmNpZGlkdW50IHV0IGxhYm9yZSBldCBkb2xvcmUgbWFnbmEgYWxpcXVhLiBVdCBlbmltIGFkIG1pbmltIHZlbmlhbSwgcXVpcyBub3N0cnVkIGV4ZXJjaXRhdGlvbiB1bGxhbWNvIGxhYm9yaXMgbmlzaSB1dCBhbGlxdWlwIGV4IGVhIGNvbW1vZG8gY29uc2VxdWF0LiBEdWlzIGF1dGUgaXJ1cmUgZG9sb3IgaW4gcmVwcmVoZW5kZXJpdCBpbiB2b2x1cHRhdGUgdmVsaXQgZXNzZSBjaWxsdW0gZG9sb3JlIGV1IGZ1Z2lhdCBudWxsYSBwYXJpYXR1ci4gRXhjZXB0ZXVyIHNpbnQgb2NjYWVjYXQgY3VwaWRhdGF0IG5vbiBwcm9pZGVudCw8L3A+DQo8cD5TdW50IGluIGN1bHBhIHF1aSBvZmZpY2lhIGRlc2VydW50IG1vbGxpdCBhbmltIGlkIGVzdCBsYWJvcnVtLiBTZWQgdXQgcGVyc3BpY2lhdGlzIHVuZGUgb21uaXMgaXN0ZSBuYXR1cyBlcnJvciBzaXQgdm9sdXB0YXRlbSBhY2N1c2FudGl1bSBkb2xvcmVtcXVlIGxhdWRhbnRpdW0sIHRvdGFtIHJlbSBhcGVyaWFtLCBlYXF1ZSBpcHNhIHF1YWUgYWIgaWxsbyBpbnZlbnRvcmUgdmVyaXRhdGlzIGV0IHF1YXNpIGFyY2hpdGVjdG8gYmVhdGFlIHZpdGFlIGRpY3RhIHN1bnQgZXhwbGljYWJvLiBOZW1vIGVuaW0gaXBzYW0gdm9sdXB0YXRlbSBxdWlhIHZvbHVwdGFzIHNpdCBhc3Blcm5hdHVyIGF1dCBvZGl0IGF1dCBmdWdpdCwgc2VkIHF1aWEgY29uc2VxdXVudHVyLjwvcD4=;;cHJvZHVjdDE0LmpwZyw=;single-product.php;LCw=;cHJpY2U6MTMwLHNrdToxMzAs;;;;;;;;;;;;;;;;;;;;;;;;;;;;;
Moderní křeslo;modern-single-couch;1513527013;;PHA+TG9yZW0gaXBzdW0gZG9sb3Igc2l0IGFtZXQsIGNvbnNlY3RldHVyIGFkaXBpc2ljaW5nIGVsaXQsIHNlZCBkbyBlaXVzbW9kIHRlbXBvciBpbmNpZGlkdW50IHV0IGxhYm9yZSBldCBkb2xvcmUgbWFnbmEgYWxpcXVhLiBVdCBlbmltIGFkIG1pbmltIHZlbmlhbSwgcXVpcyBub3N0cnVkIGV4ZXJjaXRhdGlvbiB1bGxhbWNvIGxhYm9yaXMgbmlzaSB1dCBhbGlxdWlwIGV4IGVhIGNvbW1vZG8gY29uc2VxdWF0LiBEdWlzIGF1dGUgaXJ1cmUgZG9sb3IgaW4gcmVwcmVoZW5kZXJpdCBpbiB2b2x1cHRhdGUgdmVsaXQgZXNzZSBjaWxsdW0gZG9sb3JlIGV1IGZ1Z2lhdCBudWxsYSBwYXJpYXR1ci4gRXhjZXB0ZXVyIHNpbnQgb2NjYWVjYXQgY3VwaWRhdGF0IG5vbiBwcm9pZGVudCw8L3A+DQo8cD5TdW50IGluIGN1bHBhIHF1aSBvZmZpY2lhIGRlc2VydW50IG1vbGxpdCBhbmltIGlkIGVzdCBsYWJvcnVtLiBTZWQgdXQgcGVyc3BpY2lhdGlzIHVuZGUgb21uaXMgaXN0ZSBuYXR1cyBlcnJvciBzaXQgdm9sdXB0YXRlbSBhY2N1c2FudGl1bSBkb2xvcmVtcXVlIGxhdWRhbnRpdW0sIHRvdGFtIHJlbSBhcGVyaWFtLCBlYXF1ZSBpcHNhIHF1YWUgYWIgaWxsbyBpbnZlbnRvcmUgdmVyaXRhdGlzIGV0IHF1YXNpIGFyY2hpdGVjdG8gYmVhdGFlIHZpdGFlIGRpY3RhIHN1bnQgZXhwbGljYWJvLiBOZW1vIGVuaW0gaXBzYW0gdm9sdXB0YXRlbSBxdWlhIHZvbHVwdGFzIHNpdCBhc3Blcm5hdHVyIGF1dCBvZGl0IGF1dCBmdWdpdCwgc2VkIHF1aWEgY29uc2VxdXVudHVyLjwvcD4=;;cHJvZHVjdDE2LmpwZyxwaWMwMi5qcGcs;single-product.php;LCw=;cHJpY2U6MTgwLHNrdToxODAs;;;;;;;;;;;;;;;;;;;;;;;;;;;;
Decorative Pots;decorative-pots;1513458920;;PHA+TG9yZW0gaXBzdW0gZG9sb3Igc2l0IGFtZXQsIGNvbnNlY3RldHVyIGFkaXBpc2ljaW5nIGVsaXQsIHNlZCBkbyBlaXVzbW9kIHRlbXBvciBpbmNpZGlkdW50IHV0IGxhYm9yZSBldCBkb2xvcmUgbWFnbmEgYWxpcXVhLiBVdCBlbmltIGFkIG1pbmltIHZlbmlhbSwgcXVpcyBub3N0cnVkIGV4ZXJjaXRhdGlvbiB1bGxhbWNvIGxhYm9yaXMgbmlzaSB1dCBhbGlxdWlwIGV4IGVhIGNvbW1vZG8gY29uc2VxdWF0LiBEdWlzIGF1dGUgaXJ1cmUgZG9sb3IgaW4gcmVwcmVoZW5kZXJpdCBpbiB2b2x1cHRhdGUgdmVsaXQgZXNzZSBjaWxsdW0gZG9sb3JlIGV1IGZ1Z2lhdCBudWxsYSBwYXJpYXR1ci4gRXhjZXB0ZXVyIHNpbnQgb2NjYWVjYXQgY3VwaWRhdGF0IG5vbiBwcm9pZGVudCw8L3A+DQo8cD5TdW50IGluIGN1bHBhIHF1aSBvZmZpY2lhIGRlc2VydW50IG1vbGxpdCBhbmltIGlkIGVzdCBsYWJvcnVtLiBTZWQgdXQgcGVyc3BpY2lhdGlzIHVuZGUgb21uaXMgaXN0ZSBuYXR1cyBlcnJvciBzaXQgdm9sdXB0YXRlbSBhY2N1c2FudGl1bSBkb2xvcmVtcXVlIGxhdWRhbnRpdW0sIHRvdGFtIHJlbSBhcGVyaWFtLCBlYXF1ZSBpcHNhIHF1YWUgYWIgaWxsbyBpbnZlbnRvcmUgdmVyaXRhdGlzIGV0IHF1YXNpIGFyY2hpdGVjdG8gYmVhdGFlIHZpdGFlIGRpY3RhIHN1bnQgZXhwbGljYWJvLiBOZW1vIGVuaW0gaXBzYW0gdm9sdXB0YXRlbSBxdWlhIHZvbHVwdGFzIHNpdCBhc3Blcm5hdHVyIGF1dCBvZGl0IGF1dCBmdWdpdCwgc2VkIHF1aWEgY29uc2VxdXVudHVyLjwvcD4=;;cHJvZHVjdDIuanBnLA==;single-product.php;LCw=;cHJpY2U6MTMwLHNrdTo1LA==;;;;;;;;;;;;;;;;;;;;;;;;;;;;;;;;;;;;;;;;;;;;;;;;;;;;;;;;;;;;
Miniaturní židle;miniature-chair;1513643924;;PHA+TG9yZW0gaXBzdW0gZG9sb3Igc2l0IGFtZXQsIGNvbnNlY3RldHVyIGFkaXBpc2ljaW5nIGVsaXQsIHNlZCBkbyBlaXVzbW9kIHRlbXBvciBpbmNpZGlkdW50IHV0IGxhYm9yZSBldCBkb2xvcmUgbWFnbmEgYWxpcXVhLiBVdCBlbmltIGFkIG1pbmltIHZlbmlhbSwgcXVpcyBub3N0cnVkIGV4ZXJjaXRhdGlvbiB1bGxhbWNvIGxhYm9yaXMgbmlzaSB1dCBhbGlxdWlwIGV4IGVhIGNvbW1vZG8gY29uc2VxdWF0LiBEdWlzIGF1dGUgaXJ1cmUgZG9sb3IgaW4gcmVwcmVoZW5kZXJpdCBpbiB2b2x1cHRhdGUgdmVsaXQgZXNzZSBjaWxsdW0gZG9sb3JlIGV1IGZ1Z2lhdCBudWxsYSBwYXJpYXR1ci4gRXhjZXB0ZXVyIHNpbnQgb2NjYWVjYXQgY3VwaWRhdGF0IG5vbiBwcm9pZGVudCw8L3A+DQo8cD5TdW50IGluIGN1bHBhIHF1aSBvZmZpY2lhIGRlc2VydW50IG1vbGxpdCBhbmltIGlkIGVzdCBsYWJvcnVtLiBTZWQgdXQgcGVyc3BpY2lhdGlzIHVuZGUgb21uaXMgaXN0ZSBuYXR1cyBlcnJvciBzaXQgdm9sdXB0YXRlbSBhY2N1c2FudGl1bSBkb2xvcmVtcXVlIGxhdWRhbnRpdW0sIHRvdGFtIHJlbSBhcGVyaWFtLCBlYXF1ZSBpcHNhIHF1YWUgYWIgaWxsbyBpbnZlbnRvcmUgdmVyaXRhdGlzIGV0IHF1YXNpIGFyY2hpdGVjdG8gYmVhdGFlIHZpdGFlIGRpY3RhIHN1bnQgZXhwbGljYWJvLiBOZW1vIGVuaW0gaXBzYW0gdm9sdXB0YXRlbSBxdWlhIHZvbHVwdGFzIHNpdCBhc3Blcm5hdHVyIGF1dCBvZGl0IGF1dCBmdWdpdCwgc2VkIHF1aWEgY29uc2VxdXVudHVyLjwvcD4=;;cHJvZHVjdDMuanBnLA==;single-product.php;LCw=;cHJpY2U6OTUsc2t1OjEwLA==;;;
Moderní lampa;modern-lampshade;1513643915;;PHA+TG9yZW0gaXBzdW0gZG9sb3Igc2l0IGFtZXQsIGNvbnNlY3RldHVyIGFkaXBpc2ljaW5nIGVsaXQsIHNlZCBkbyBlaXVzbW9kIHRlbXBvciBpbmNpZGlkdW50IHV0IGxhYm9yZSBldCBkb2xvcmUgbWFnbmEgYWxpcXVhLiBVdCBlbmltIGFkIG1pbmltIHZlbmlhbSwgcXVpcyBub3N0cnVkIGV4ZXJjaXRhdGlvbiB1bGxhbWNvIGxhYm9yaXMgbmlzaSB1dCBhbGlxdWlwIGV4IGVhIGNvbW1vZG8gY29uc2VxdWF0LiBEdWlzIGF1dGUgaXJ1cmUgZG9sb3IgaW4gcmVwcmVoZW5kZXJpdCBpbiB2b2x1cHRhdGUgdmVsaXQgZXNzZSBjaWxsdW0gZG9sb3JlIGV1IGZ1Z2lhdCBudWxsYSBwYXJpYXR1ci4gRXhjZXB0ZXVyIHNpbnQgb2NjYWVjYXQgY3VwaWRhdGF0IG5vbiBwcm9pZGVudCw8L3A+DQo8cD5TdW50IGluIGN1bHBhIHF1aSBvZmZpY2lhIGRlc2VydW50IG1vbGxpdCBhbmltIGlkIGVzdCBsYWJvcnVtLiBTZWQgdXQgcGVyc3BpY2lhdGlzIHVuZGUgb21uaXMgaXN0ZSBuYXR1cyBlcnJvciBzaXQgdm9sdXB0YXRlbSBhY2N1c2FudGl1bSBkb2xvcmVtcXVlIGxhdWRhbnRpdW0sIHRvdGFtIHJlbSBhcGVyaWFtLCBlYXF1ZSBpcHNhIHF1YWUgYWIgaWxsbyBpbnZlbnRvcmUgdmVyaXRhdGlzIGV0IHF1YXNpIGFyY2hpdGVjdG8gYmVhdGFlIHZpdGFlIGRpY3RhIHN1bnQgZXhwbGljYWJvLiBOZW1vIGVuaW0gaXBzYW0gdm9sdXB0YXRlbSBxdWlhIHZvbHVwdGFzIHNpdCBhc3Blcm5hdHVyIGF1dCBvZGl0IGF1dCBmdWdpdCwgc2VkIHF1aWEgY29uc2VxdXVudHVyLjwvcD4=;;cHJvZHVjdDEwLmpwZyw=;single-product.php;LCw=;cHJpY2U6MTgwLHNrdToyMCw=;;;;
Dekorační sklenice;decor-pot-clay;1513527040;;PHA+TG9yZW0gaXBzdW0gZG9sb3Igc2l0IGFtZXQsIGNvbnNlY3RldHVyIGFkaXBpc2ljaW5nIGVsaXQsIHNlZCBkbyBlaXVzbW9kIHRlbXBvciBpbmNpZGlkdW50IHV0IGxhYm9yZSBldCBkb2xvcmUgbWFnbmEgYWxpcXVhLiBVdCBlbmltIGFkIG1pbmltIHZlbmlhbSwgcXVpcyBub3N0cnVkIGV4ZXJjaXRhdGlvbiB1bGxhbWNvIGxhYm9yaXMgbmlzaSB1dCBhbGlxdWlwIGV4IGVhIGNvbW1vZG8gY29uc2VxdWF0LiBEdWlzIGF1dGUgaXJ1cmUgZG9sb3IgaW4gcmVwcmVoZW5kZXJpdCBpbiB2b2x1cHRhdGUgdmVsaXQgZXNzZSBjaWxsdW0gZG9sb3JlIGV1IGZ1Z2lhdCBudWxsYSBwYXJpYXR1ci4gRXhjZXB0ZXVyIHNpbnQgb2NjYWVjYXQgY3VwaWRhdGF0IG5vbiBwcm9pZGVudCw8L3A+DQo8cD5TdW50IGluIGN1bHBhIHF1aSBvZmZpY2lhIGRlc2VydW50IG1vbGxpdCBhbmltIGlkIGVzdCBsYWJvcnVtLiBTZWQgdXQgcGVyc3BpY2lhdGlzIHVuZGUgb21uaXMgaXN0ZSBuYXR1cyBlcnJvciBzaXQgdm9sdXB0YXRlbSBhY2N1c2FudGl1bSBkb2xvcmVtcXVlIGxhdWRhbnRpdW0sIHRvdGFtIHJlbSBhcGVyaWFtLCBlYXF1ZSBpcHNhIHF1YWUgYWIgaWxsbyBpbnZlbnRvcmUgdmVyaXRhdGlzIGV0IHF1YXNpIGFyY2hpdGVjdG8gYmVhdGFlIHZpdGFlIGRpY3RhIHN1bnQgZXhwbGljYWJvLiBOZW1vIGVuaW0gaXBzYW0gdm9sdXB0YXRlbSBxdWlhIHZvbHVwdGFzIHNpdCBhc3Blcm5hdHVyIGF1dCBvZGl0IGF1dCBmdWdpdCwgc2VkIHF1aWEgY29uc2VxdXVudHVyLjwvcD4=;;cHJvZHVjdDYuanBnLA==;single-product.php;LCw=;cHJpY2U6MTMwLHNrdToyNSw=;;;;;;;;;;;;;;;;;;;;;;;;;;;
Bílé nádoby;white-pots;1513527058;;PHA+TG9yZW0gaXBzdW0gZG9sb3Igc2l0IGFtZXQsIGNvbnNlY3RldHVyIGFkaXBpc2ljaW5nIGVsaXQsIHNlZCBkbyBlaXVzbW9kIHRlbXBvciBpbmNpZGlkdW50IHV0IGxhYm9yZSBldCBkb2xvcmUgbWFnbmEgYWxpcXVhLiBVdCBlbmltIGFkIG1pbmltIHZlbmlhbSwgcXVpcyBub3N0cnVkIGV4ZXJjaXRhdGlvbiB1bGxhbWNvIGxhYm9yaXMgbmlzaSB1dCBhbGlxdWlwIGV4IGVhIGNvbW1vZG8gY29uc2VxdWF0LiBEdWlzIGF1dGUgaXJ1cmUgZG9sb3IgaW4gcmVwcmVoZW5kZXJpdCBpbiB2b2x1cHRhdGUgdmVsaXQgZXNzZSBjaWxsdW0gZG9sb3JlIGV1IGZ1Z2lhdCBudWxsYSBwYXJpYXR1ci4gRXhjZXB0ZXVyIHNpbnQgb2NjYWVjYXQgY3VwaWRhdGF0IG5vbiBwcm9pZGVudCw8L3A+DQo8cD5TdW50IGluIGN1bHBhIHF1aSBvZmZpY2lhIGRlc2VydW50IG1vbGxpdCBhbmltIGlkIGVzdCBsYWJvcnVtLiBTZWQgdXQgcGVyc3BpY2lhdGlzIHVuZGUgb21uaXMgaXN0ZSBuYXR1cyBlcnJvciBzaXQgdm9sdXB0YXRlbSBhY2N1c2FudGl1bSBkb2xvcmVtcXVlIGxhdWRhbnRpdW0sIHRvdGFtIHJlbSBhcGVyaWFtLCBlYXF1ZSBpcHNhIHF1YWUgYWIgaWxsbyBpbnZlbnRvcmUgdmVyaXRhdGlzIGV0IHF1YXNpIGFyY2hpdGVjdG8gYmVhdGFlIHZpdGFlIGRpY3RhIHN1bnQgZXhwbGljYWJvLiBOZW1vIGVuaW0gaXBzYW0gdm9sdXB0YXRlbSBxdWlhIHZvbHVwdGFzIHNpdCBhc3Blcm5hdHVyIGF1dCBvZGl0IGF1dCBmdWdpdCwgc2VkIHF1aWEgY29uc2VxdXVudHVyLjwvcD4=;;cHJvZHVjdDkuanBnLA==;single-product.php;LCw=;cHJpY2U6MjUwLHNrdToxMCw=;;;;;;;;;;;;;;;;;;;;;;;;;;
Křeslo;single-couch;1513643931;;PHA+TG9yZW0gaXBzdW0gZG9sb3Igc2l0IGFtZXQsIGNvbnNlY3RldHVyIGFkaXBpc2ljaW5nIGVsaXQsIHNlZCBkbyBlaXVzbW9kIHRlbXBvciBpbmNpZGlkdW50IHV0IGxhYm9yZSBldCBkb2xvcmUgbWFnbmEgYWxpcXVhLiBVdCBlbmltIGFkIG1pbmltIHZlbmlhbSwgcXVpcyBub3N0cnVkIGV4ZXJjaXRhdGlvbiB1bGxhbWNvIGxhYm9yaXMgbmlzaSB1dCBhbGlxdWlwIGV4IGVhIGNvbW1vZG8gY29uc2VxdWF0LiBEdWlzIGF1dGUgaXJ1cmUgZG9sb3IgaW4gcmVwcmVoZW5kZXJpdCBpbiB2b2x1cHRhdGUgdmVsaXQgZXNzZSBjaWxsdW0gZG9sb3JlIGV1IGZ1Z2lhdCBudWxsYSBwYXJpYXR1ci4gRXhjZXB0ZXVyIHNpbnQgb2NjYWVjYXQgY3VwaWRhdGF0IG5vbiBwcm9pZGVudCw8L3A+DQo8cD5TdW50IGluIGN1bHBhIHF1aSBvZmZpY2lhIGRlc2VydW50IG1vbGxpdCBhbmltIGlkIGVzdCBsYWJvcnVtLiBTZWQgdXQgcGVyc3BpY2lhdGlzIHVuZGUgb21uaXMgaXN0ZSBuYXR1cyBlcnJvciBzaXQgdm9sdXB0YXRlbSBhY2N1c2FudGl1bSBkb2xvcmVtcXVlIGxhdWRhbnRpdW0sIHRvdGFtIHJlbSBhcGVyaWFtLCBlYXF1ZSBpcHNhIHF1YWUgYWIgaWxsbyBpbnZlbnRvcmUgdmVyaXRhdGlzIGV0IHF1YXNpIGFyY2hpdGVjdG8gYmVhdGFlIHZpdGFlIGRpY3RhIHN1bnQgZXhwbGljYWJvLiBOZW1vIGVuaW0gaXBzYW0gdm9sdXB0YXRlbSBxdWlhIHZvbHVwdGFzIHNpdCBhc3Blcm5hdHVyIGF1dCBvZGl0IGF1dCBmdWdpdCwgc2VkIHF1aWEgY29uc2VxdXVudHVyLjwvcD4=;;cHJvZHVjdDEwLmpwZyxwcm9kdWN0MS5qcGcscHJvZHVjdDUuanBnLA==;single-product.php;LCw=;cHJpY2U6MTMwLHNrdTozMCw=;;
Stolek dřevěný;teapoe-wodden;1513527088;;PHA+TG9yZW0gaXBzdW0gZG9sb3Igc2l0IGFtZXQsIGNvbnNlY3RldHVyIGFkaXBpc2ljaW5nIGVsaXQsIHNlZCBkbyBlaXVzbW9kIHRlbXBvciBpbmNpZGlkdW50IHV0IGxhYm9yZSBldCBkb2xvcmUgbWFnbmEgYWxpcXVhLiBVdCBlbmltIGFkIG1pbmltIHZlbmlhbSwgcXVpcyBub3N0cnVkIGV4ZXJjaXRhdGlvbiB1bGxhbWNvIGxhYm9yaXMgbmlzaSB1dCBhbGlxdWlwIGV4IGVhIGNvbW1vZG8gY29uc2VxdWF0LiBEdWlzIGF1dGUgaXJ1cmUgZG9sb3IgaW4gcmVwcmVoZW5kZXJpdCBpbiB2b2x1cHRhdGUgdmVsaXQgZXNzZSBjaWxsdW0gZG9sb3JlIGV1IGZ1Z2lhdCBudWxsYSBwYXJpYXR1ci4gRXhjZXB0ZXVyIHNpbnQgb2NjYWVjYXQgY3VwaWRhdGF0IG5vbiBwcm9pZGVudCw8L3A+DQo8cD5TdW50IGluIGN1bHBhIHF1aSBvZmZpY2lhIGRlc2VydW50IG1vbGxpdCBhbmltIGlkIGVzdCBsYWJvcnVtLiBTZWQgdXQgcGVyc3BpY2lhdGlzIHVuZGUgb21uaXMgaXN0ZSBuYXR1cyBlcnJvciBzaXQgdm9sdXB0YXRlbSBhY2N1c2FudGl1bSBkb2xvcmVtcXVlIGxhdWRhbnRpdW0sIHRvdGFtIHJlbSBhcGVyaWFtLCBlYXF1ZSBpcHNhIHF1YWUgYWIgaWxsbyBpbnZlbnRvcmUgdmVyaXRhdGlzIGV0IHF1YXNpIGFyY2hpdGVjdG8gYmVhdGFlIHZpdGFlIGRpY3RhIHN1bnQgZXhwbGljYWJvLiBOZW1vIGVuaW0gaXBzYW0gdm9sdXB0YXRlbSBxdWlhIHZvbHVwdGFzIHNpdCBhc3Blcm5hdHVyIGF1dCBvZGl0IGF1dCBmdWdpdCwgc2VkIHF1aWEgY29uc2VxdXVudHVyLjwvcD4=;;cHJvZHVjdDE1LmpwZyw=;single-product.php;LCw=;cHJpY2U6MTkwLHNrdTozNSw=;;;;;;;;;;;;;;;;;;;;;;;
Modern Edison Light;modern-edison-light;1513526111;gb:modern-edison-light;PHA+TG9yZW0gaXBzdW0gZG9sb3Igc2l0IGFtZXQsIGNvbnNlY3RldHVyIGFkaXBpc2ljaW5nIGVsaXQsIHNlZCBkbyBlaXVzbW9kIHRlbXBvciBpbmNpZGlkdW50IHV0IGxhYm9yZSBldCBkb2xvcmUgbWFnbmEgYWxpcXVhLiBVdCBlbmltIGFkIG1pbmltIHZlbmlhbSwgcXVpcyBub3N0cnVkIGV4ZXJjaXRhdGlvbiB1bGxhbWNvIGxhYm9yaXMgbmlzaSB1dCBhbGlxdWlwIGV4IGVhIGNvbW1vZG8gY29uc2VxdWF0LiBEdWlzIGF1dGUgaXJ1cmUgZG9sb3IgaW4gcmVwcmVoZW5kZXJpdCBpbiB2b2x1cHRhdGUgdmVsaXQgZXNzZSBjaWxsdW0gZG9sb3JlIGV1IGZ1Z2lhdCBudWxsYSBwYXJpYXR1ci4gRXhjZXB0ZXVyIHNpbnQgb2NjYWVjYXQgY3VwaWRhdGF0IG5vbiBwcm9pZGVudCw8L3A+DQo8cD5TdW50IGluIGN1bHBhIHF1aSBvZmZpY2lhIGRlc2VydW50IG1vbGxpdCBhbmltIGlkIGVzdCBsYWJvcnVtLiBTZWQgdXQgcGVyc3BpY2lhdGlzIHVuZGUgb21uaXMgaXN0ZSBuYXR1cyBlcnJvciBzaXQgdm9sdXB0YXRlbSBhY2N1c2FudGl1bSBkb2xvcmVtcXVlIGxhdWRhbnRpdW0sIHRvdGFtIHJlbSBhcGVyaWFtLCBlYXF1ZSBpcHNhIHF1YWUgYWIgaWxsbyBpbnZlbnRvcmUgdmVyaXRhdGlzIGV0IHF1YXNpIGFyY2hpdGVjdG8gYmVhdGFlIHZpdGFlIGRpY3RhIHN1bnQgZXhwbGljYWJvLiBOZW1vIGVuaW0gaXBzYW0gdm9sdXB0YXRlbSBxdWlhIHZvbHVwdGFzIHNpdCBhc3Blcm5hdHVyIGF1dCBvZGl0IGF1dCBmdWdpdCwgc2VkIHF1aWEgY29uc2VxdXVudHVyLjwvcD4=;;cHJvZHVjdDEwLmpwZw==;single-product.php;LCw=;cHJpY2U6MjUwLHNrdToyNTAs;;;;;;;;;;;;;;;;;;;;;;;;;;;;;;;;;;;;;;;;;;;;;;;;;;;;;;
Woolen scarf;woolen-scarf;1513644021;gb:woolen-scarf;PHA+TG9yZW0gaXBzdW0gZG9sb3Igc2l0IGFtZXQsIGNvbnNlY3RldHVyIGFkaXBpc2ljaW5nIGVsaXQsIHNlZCBkbyBlaXVzbW9kIHRlbXBvciBpbmNpZGlkdW50IHV0IGxhYm9yZSBldCBkb2xvcmUgbWFnbmEgYWxpcXVhLiBVdCBlbmltIGFkIG1pbmltIHZlbmlhbSwgcXVpcyBub3N0cnVkIGV4ZXJjaXRhdGlvbiB1bGxhbWNvIGxhYm9yaXMgbmlzaSB1dCBhbGlxdWlwIGV4IGVhIGNvbW1vZG8gY29uc2VxdWF0LiBEdWlzIGF1dGUgaXJ1cmUgZG9sb3IgaW4gcmVwcmVoZW5kZXJpdCBpbiB2b2x1cHRhdGUgdmVsaXQgZXNzZSBjaWxsdW0gZG9sb3JlIGV1IGZ1Z2lhdCBudWxsYSBwYXJpYXR1ci4gRXhjZXB0ZXVyIHNpbnQgb2NjYWVjYXQgY3VwaWRhdGF0IG5vbiBwcm9pZGVudCw8L3A+DQo8cD5TdW50IGluIGN1bHBhIHF1aSBvZmZpY2lhIGRlc2VydW50IG1vbGxpdCBhbmltIGlkIGVzdCBsYWJvcnVtLiBTZWQgdXQgcGVyc3BpY2lhdGlzIHVuZGUgb21uaXMgaXN0ZSBuYXR1cyBlcnJvciBzaXQgdm9sdXB0YXRlbSBhY2N1c2FudGl1bSBkb2xvcmVtcXVlIGxhdWRhbnRpdW0sIHRvdGFtIHJlbSBhcGVyaWFtLCBlYXF1ZSBpcHNhIHF1YWUgYWIgaWxsbyBpbnZlbnRvcmUgdmVyaXRhdGlzIGV0IHF1YXNpIGFyY2hpdGVjdG8gYmVhdGFlIHZpdGFlIGRpY3RhIHN1bnQgZXhwbGljYWJvLiBOZW1vIGVuaW0gaXBzYW0gdm9sdXB0YXRlbSBxdWlhIHZvbHVwdGFzIHNpdCBhc3Blcm5hdHVyIGF1dCBvZGl0IGF1dCBmdWdpdCwgc2VkIHF1aWEgY29uc2VxdXVudHVyLjwvcD4=;;cHJvZHVjdDExLmpwZyw=;single-product.php;LCw=;cHJpY2U6OTUsc2t1OjEs;
Tripod Lampshade;tripod-lampshade;1513644050;gb:tripod-lampshade;;;cHJvZHVjdDEyLmpwZw==;single-product.php;LCw=;cHJpY2U6MTgwLHNrdToxLA==;
Clay Lamp;clay-lamp;1513644091;gb:clay-lamp;;;cHJvZHVjdDEzLmpwZw==;single-product.php;LCw=;cHJpY2U6MjUwLHNrdToyLA==;
