Giebhelp;giebhelpeu;1564264800;;PHA+UmF6JmlhY3V0ZTttZSBtb2Rlcm4maWFjdXRlOyB0cmVuZHkgYSBpbm92YWNlLiBUdm/FmSZpYWN1dGU7bWUgc3bEm3QgaGVuZGlrZXBvdmFuJnlhY3V0ZTtjaCBiZXogYmFyaSZlYWN1dGU7ci48L3A+;;Z2llYmhlbHAtMi5qcGcs;single-portfolio.php;LCw=;cHJvamVjdC1jb2xvcjpibHVlLHByb2plY3QtZGF0ZToxLjIuMjAxOSxwcm9qZWN0LWNsaWVudDpLYXJlbCBHaWViaXNjaCxwcm9qZWN0LXNpdGU6d3d3LmdpZWJoZWxwLmV1LHByb2plY3QtY2F0ZWdvcnk6L3d3dy1zdHJhbmt5LWFwbGlrYWNlLyxwcm9qZWN0LWNhdGVnb3J5Mjovd3d3LXN0cmFua3ktYXBsaWthY2UvLHByb2plY3QtZGVzY3JpcHRpb246UmF6w61tZSBtb2Rlcm7DrSB0cmVuZHkgYSBpbm92YWNlLiBUdm/FmcOtbWUgc3bEm3QgaGVuZGlrZXBvdmFuw71jaCBiZXogYmFyacOpci4s;;
Liberecké Zprávy;liberecke-zpravy;1564215127;;PHA+PHN0cm9uZz5DbyBwb3J0JmFhY3V0ZTtsIExpYmVyZWNrJnlhY3V0ZTtjaCB6cHImYWFjdXRlO3YgeiBobGVkaXNrYSBuYSZzY2Fyb247ZWhvIHdlYmRldmVsb3BtZW50dSBvYnNhaHVqZT88L3N0cm9uZz4gPGJyIC8+PGJyIC8+LSBDTVMgTGF5bGEgbmEgRnJvbnQtZW5kdSAod3d3LmxheWxhY21zLmNvbSkgPGJyIC8+LSBLb21wbGV0biZpYWN1dGU7IGZpcmVtbiZpYWN1dGU7IGlkZW50aXRhLCBCcmFuZGluZyBsb2dhIExaIGEgTFpUViA8YnIgLz4tIFZpZGVvIHNla2NpIGEgTGl2ZXN0cmVhbWluZyA8YnIgLz4tIEtvbXBsZXRuJmlhY3V0ZTsgcmXFvmlpIHJlZGFrY2UgPGJyIC8+LSBPYmNob2RuJmlhY3V0ZTsgxI0mYWFjdXRlO3N0IC8gUGxhdGVibiZpYWN1dGU7IG1vZHVseSA8YnIgLz4tIERvbmF0ZSB3aWRnZXQgPGJyIC8+LSBaYWppJnNjYXJvbjvFpXVqZW1lIHByYXZpZGVsbiZ5YWN1dGU7IHRlY2huaWNrJnlhY3V0ZTsgc2VydmlzLCBhYnkgcG9ydCZhYWN1dGU7bCBkbG91aG9kb2LEmyBixJvFvmVsIGphayBtJmFhY3V0ZTshPC9wPg==;;bGliZXJlY2tlenByYXZ5LmpwZyw=;;LCw=;cHJvamVjdC1jb2xvcjoscHJvamVjdC1kYXRlOixwcm9qZWN0LWNsaWVudDpTcG90bGlnaHQgTWVkaWEgcy5yLm8uLHByb2plY3Qtc2l0ZToscHJvamVjdC1jYXRlZ29yeTovd3d3LXN0cmFua3ktYXBsaWthY2UvLHByb2plY3QtZGVzY3JpcHRpb246SnNtZSBqYWtvIHZ5LiBIbGFkb3bDrW1lIHBvIGluZm9ybWFjw61jaCB6IG5hxaFlaG8gb2tvbMOtLiBWxJtyb2hvZG7DvWNoJiM0NDsgYW5hbHl0aWNrw71jaCYjNDQ7IHByYXZkaXbDvWNoJiM0NDsgZG8gaGxvdWJreSBzZSBub8WZw61jw61jaC4gQWxlIGkgcHJvc3TEmyBvZHBvxI1pbmtvdsO9Y2guIFphIHbFoWVjaCBva29sbm9zdMOtIG92xaFlbSBub3ZpbsOhxZlza3kga3ZhbGl0bsSbIHpwcmFjb3ZhbsO9Y2guIFN2b2JvZG7DvWNoLiBDbyBzIHTDrW0/IE5lYnlsbyB0byBsZWhrw6kmIzQ0OyBhbGUgcG8gbGV0ZWNoIHNuxJtuw60ganNtZSBzZSByb3pob2RsaSB2eWtyb8SNaXQgZG8gbmV6bsOhbWEuIEEgdnlzdGF2xJtsaSBqc21lIHYgTGliZXJjaSBtYWzDqSB2eWRhdmF0ZWxzdHbDrS4s;;;;;;;;;;;;;;;;;;;;;;;;;;;;;;;;;
Xaveris;xaveris;1564184805;;PHA+WGF2ZXJpcyBqZSB1bmlrJmFhY3V0ZTt0biZpYWN1dGU7IGluZm9ybWHEjW4maWFjdXRlOyBzeXN0JmVhY3V0ZTttIHBybyBhdXRvZG9wcmF2Y2UgYSBzcHImYWFjdXRlO3ZjZSByZWtsYW1uJmlhY3V0ZTtjaCBhdXRvZmxvdGlsLjwvcD4=;;eGF2ZXJpcy5wbmcs;;LCw=;cHJvamVjdC1jb2xvcjoscHJvamVjdC1kYXRlOixwcm9qZWN0LWNsaWVudDpCT0hVTcONUiBWw41UT1ZFQyxwcm9qZWN0LXNpdGU6LHByb2plY3QtY2F0ZWdvcnk6L3d3dy1zdHJhbmt5LWFwbGlrYWNlLyxwcm9qZWN0LWRlc2NyaXB0aW9uOlhhdmVyaXMgamUgdW5pa8OhdG7DrSBpbmZvcm1hxI1uw60gc3lzdMOpbSBwcm8gYXV0b2RvcHJhdmNlIGEgc3Byw6F2Y2UgcmVrbGFtbsOtY2ggYXV0b2Zsb3RpbC4s;;;;;;;;;;;;;;;;;;;;;;;;;;;;;;;;;;;;
Vítovec;vitovec;1564184803;;PHA+U3BvbGXEjW5vc3QgViZJYWN1dGU7VE9WRUMgY29ycC4gYS5zLiBzZSBzb3VzdMWZZWQmaWFjdXRlOyB2JnlhY3V0ZTtocmFkbsSbIG5hIG9ibGFzdCBwb2ppJnNjYXJvbjt0xJtuJmlhY3V0ZTsgYSBzb3V2aXNlaiZpYWN1dGU7YyZpYWN1dGU7Y2ggZmluYW7EjW4maWFjdXRlO2NoIHByb2R1a3TFryBhIHNsdcW+ZWIuPC9wPg==;;dml0b3ZlYy5wbmcs;;LCw=;cHJvamVjdC1jb2xvcjoscHJvamVjdC1kYXRlOixwcm9qZWN0LWNsaWVudDpCT0hVTcONUiBWw41UT1ZFQyxwcm9qZWN0LXNpdGU6LHByb2plY3QtY2F0ZWdvcnk6L3d3dy1zdHJhbmt5LWFwbGlrYWNlLyxwcm9qZWN0LWRlc2NyaXB0aW9uOlNwb2xlxI1ub3N0IFbDjVRPVkVDIGNvcnAuIGEucy4gc2Ugc291c3TFmWVkw60gdsO9aHJhZG7EmyBuYSBvYmxhc3QgcG9qacWhdMSbbsOtIGEgc291dmlzZWrDrWPDrWNoIGZpbmFuxI1uw61jaCBwcm9kdWt0xa8gYSBzbHXFvmViLiw=;;;;;;;;;;;;;;;;;;;;;;;;;;;;;;;;;;;;;
Layla;layla;1564178400;;PHA+UHVibGlrYcSNbiZpYWN1dGU7IHN5c3QmZWFjdXRlO20gcHJvIGZpcmVtbiZpYWN1dGU7IHByZXplbnRhY2UsIGJsb2cgYSBlLXNob3AgcyBvdmwmYWFjdXRlO2RhYyZpYWN1dGU7bSBwYW5lbGVtIC0gT1NYIGFwbGlrYWMmaWFjdXRlOy48L3A+;;bGF5bGEzLmpwZyxsYXlsYTIuanBnLGxheWxhLmpwZyw=;;LCw=;cHJvamVjdC1jb2xvcjoscHJvamVjdC1kYXRlOixwcm9qZWN0LWNsaWVudDpEYWRvayAtIEdsb2JhbCBJbnRlcm5ldCBTb2x1dGlvbnMscHJvamVjdC1zaXRlOnd3dy5sYXlsYWNtcy5jb20scHJvamVjdC1jYXRlZ29yeTovd3d3LXN0cmFua3ktYXBsaWthY2UvLHByb2plY3QtY2F0ZWdvcnkyOi93d3ctc3RyYW5reS1hcGxpa2FjZS8scHJvamVjdC1kZXNjcmlwdGlvbjpQdWJsaWthxI1uw60gc3lzdMOpbSBwcm8gZmlyZW1uw60gcHJlemVudGFjZSYjNDQ7IGJsb2cgYSBlLXNob3AgcyBvdmzDoWRhY8OtbSBwYW5lbGVtIC0gT1NYIGFwbGlrYWPDrS4s;
Manira;manira;1564185026;;PHA+UG9za3l0dWplbWUgcHJvZmVzaW9uJmFhY3V0ZTtsbiZpYWN1dGU7IHNsdcW+Ynkgdm5pdHJvc3QmYWFjdXRlO3RuJmlhY3V0ZTsgYSBtZXppbiZhYWN1dGU7cm9kbiZpYWN1dGU7IGRvcHJhdnkgYSBzcGVkaWNlLjwvcD4=;;bWFuaXJhLXdlYi0xLnBuZyw=;;LCw=;cHJvamVjdC1jb2xvcjoscHJvamVjdC1kYXRlOixwcm9qZWN0LWNsaWVudDpJTkcuIEpBTkEgUkVKTU9OT1bDgSxwcm9qZWN0LXNpdGU6TUFOSVJBLkNaLHByb2plY3QtY2F0ZWdvcnk6L2ZpcmVtbmktaWRlbnRpdGEvLHByb2plY3QtZGVzY3JpcHRpb246UG9za3l0dWplbWUgcHJvZmVzaW9uw6FsbsOtIHNsdcW+Ynkgdm5pdHJvc3TDoXRuw60gYSBtZXppbsOhcm9kbsOtIGRvcHJhdnkgYSBzcGVkaWNlLiw=;;;;;;;;;;;;;;;;;;;;;;;;;;;;;;;;;;
Custom Culture;custom-culture;1564185244;cz;PHA+WiZhYWN1dGU7a2xhZGVtIGpzb3UgdSBuJmFhY3V0ZTtzIG1vdG9ya3kgYSBvZMSbdnkgc3RhdsSbbiZlYWN1dGU7IGEgJnNjYXJvbjtpdCZlYWN1dGU7IG5hIG0maWFjdXRlO3J1IG1pbG92biZpYWN1dGU7a8WvbSBrbGFzaWNrJmVhY3V0ZTtobyBhIHomYWFjdXRlO3JvdmXFiCBuZXYmc2Nhcm9uO2VkbiZpYWN1dGU7aG8sIG9zb2JpdCZlYWN1dGU7aG8gc3R5bHUuIGpzbWUgbWxhZCZhYWN1dGU7IHpuYcSNa2EsIGt0ZXImYWFjdXRlOyB2JnNjYXJvbjthayBzdGVqbsSbIGpha28gc3RhciZlYWN1dGU7IG1hJnNjYXJvbjtpbnkgdm9uJmlhY3V0ZTsgYmVueiZpYWN1dGU7bmVtIGEgZG9icm9kcnXFvnN0diZpYWN1dGU7bS48L3A+;;Q0MyLnBuZyxDQy5wbmc=;;LCw=;cHJvamVjdC1jb2xvcjoscHJvamVjdC1kYXRlOixwcm9qZWN0LWNsaWVudDpWSUtUT1IgxZjDjUhBJiM0NDsgTUFSRUsgQkxJU1MmIzQ0OyBHSVVMSU8gREUgQkxBU0lPLHByb2plY3Qtc2l0ZTpXV1cuQ1VTVE9NQ1VMVFVSRS5DWixwcm9qZWN0LWNhdGVnb3J5Oi93d3ctc3RyYW5reS1hcGxpa2FjZS8scHJvamVjdC1kZXNjcmlwdGlvbjpaw6FrbGFkZW0ganNvdSB1IG7DoXMgbW90b3JreSBhIG9kxJt2eSBzdGF2xJtuw6kgYSDFoWl0w6kgbmEgbcOtcnUgbWlsb3Zuw61rxa9tIGtsYXNpY2vDqWhvIGEgesOhcm92ZcWIIG5ldsWhZWRuw61obyYjNDQ7IG9zb2JpdMOpaG8gc3R5bHUuIGpzbWUgbWxhZMOhIHpuYcSNa2EmIzQ0OyBrdGVyw6EgdsWhYWsgc3Rlam7EmyBqYWtvIHN0YXLDqSBtYcWhaW55IHZvbsOtIGJlbnrDrW5lbSBhIGRvYnJvZHJ1xb5zdHbDrW0uLA==;;;;;;;;;;;;;;;;;;;;;;;;;;;;;;;;;;
B.C.G. CONSULTING;bcg-consulting;1564219338;;;;QkNHQ29uc3VsdGluZy13ZWIucG5nLA==;;LCw=;cHJvamVjdC1jb2xvcjoscHJvamVjdC1kYXRlOixwcm9qZWN0LWNsaWVudDpKScWYw40gS0HFh0tBLHByb2plY3Qtc2l0ZTpXV1cuQkNHQ09OU1VMVElORy5DWixwcm9qZWN0LWNhdGVnb3J5Oi93d3ctc3RyYW5reS1hcGxpa2FjZS8scHJvamVjdC1kZXNjcmlwdGlvbjpIZWxwaW5nIHRvIGNyZWF0ZSBlbmdhZ2luZyYjNDQ7IHByb2R1Y3RpdmUgYW5kIHByb2ZpdGFibGUgb3JnYW5pemF0aW9ucy4s;;;;;;;;;;;;;;;;;;;;;;;;;;;;;;;;
HTTPOOL REPORTS;httpool-reports;1564219385;cz;;;aHR0cG9vbC1yZXBvcnRzLmpwZw==;;LCw=;cHJvamVjdC1jb2xvcjoscHJvamVjdC1kYXRlOixwcm9qZWN0LWNsaWVudDpSQURFSyBWQcWgw43EjEVLLHByb2plY3Qtc2l0ZTpXV1cuSFRUUE9PTC5DWixwcm9qZWN0LWNhdGVnb3J5Oi93d3ctc3RyYW5reS1hcGxpa2FjZS8scHJvamVjdC1kZXNjcmlwdGlvbjpudGVybsOtIGRhc2hib2FyZCBwcm8gem9icmF6b3bDoW7DrSByZXBvcnTFryB6IEh0dHBvb2wga2FtcGFuw60gdmUgU3BvdGlmeS4s;;;;;;;;;;;;;;;;;;;;;;;;;;;;;;;;
PURE MODEL MANAGMENT;pure-model-managment;1564219415;cz;;;cHVyZW1vZGVsbWFuYWdtZW50LmpwZw==;;LCw=;cHJvamVjdC1jb2xvcjoscHJvamVjdC1kYXRlOixwcm9qZWN0LWNsaWVudDpST01BTiBIT0zDgVJFSyxwcm9qZWN0LXNpdGU6V1dXLlBVUkVNT0RFTC5DWixwcm9qZWN0LWNhdGVnb3J5Oi93d3ctc3RyYW5reS1hcGxpa2FjZS8scHJvamVjdC1kZXNjcmlwdGlvbjpXZWIgQWdlbnR1cnkgUFVSRSBNT0RFTCBNYW5hZ2VtZW50JiM0NDsga3RlcsOhIG9iamV2aWxhIMWZYWR1IHR2w6HFmcOtJiM0NDsga3RlcsOpIHByYWN1asOtIHBybyBqZWRueSB6IG5lanByZXN0acW+bsSbasWhw61jaCBzdsSbdG92w71jaCBtw7NkbsOtY2ggZG9txa8mIzQ0OyBqYWtvIGpzb3UgbmFwxZnDrWtsYWQgVmVyc2FjZSYjNDQ7IEQmRyYjNDQ7IEdpdmVuY2h5JiM0NDsgR2lvcmdpbyBBcm1hbmkmIzQ0OyBKb2huIFJpY2htb25kIGEgbW5vaG8gZGFsxaHDrWNoLiw=;;;;;;;;;;;;;;;;;;;;;;;;;;;;;;;;
ORIGINAAL;originaal;1564219472;cz;;;b3JpZ2luYWFsLmpwZyxvcmlnaW5hYWwzLmpwZyxvcmlnaW5hYWwyLmpwZw==;;LCw=;cHJvamVjdC1jb2xvcjoscHJvamVjdC1kYXRlOixwcm9qZWN0LWNsaWVudDpSSUNIQVJEIFZSRExPVkVDLHByb2plY3Qtc2l0ZTp3d3cub3JpZ2luYWFsLmNvbSxwcm9qZWN0LWNhdGVnb3J5Oi93d3ctc3RyYW5reS1hcGxpa2FjZS8scHJvamVjdC1kZXNjcmlwdGlvbjpPcmlnaW5hYWwgLSBOb3bDvSBwcm9zdG9yIHBybyB1bcSbbsOtLA==;;;;;;;;;;;;;;;;;;;;;;;;;;;;;;;;
MOTOREST DOBŘICHOVICE;motorest-dobrichovice;1564219516;cz;;;ZG9icmljaG92aWNlbW90b3Jlc3QtcmVzdGF1cmFjZS13ZXYuanBnLGVldC1yZXN0YXVyYWNlLWtyaW5keXBpbmR5LnBuZw==;;LCw=;cHJvamVjdC1jb2xvcjoscHJvamVjdC1kYXRlOixwcm9qZWN0LWNsaWVudDpTVFIgR0FTVFJPIFMuUi5PLixwcm9qZWN0LXNpdGU6V1dXLk1PVE9SRVNURE9CUklDSE9WSUNFLkNaLHByb2plY3QtY2F0ZWdvcnk6L3d3dy1zdHJhbmt5LWFwbGlrYWNlLyxwcm9qZWN0LWRlc2NyaXB0aW9uOkt2YWxpdG7DrSBpbmdyZWRpZW5jZSAtIFBybyBrdmFsaXRuw60gasOtZGxvLiBSZWFsaXpvdsOhbmEgaWRlbnRpdGEgdiByw6FtY2kgbG9nb3R5cHUmIzQ0OyBjb3B5d3JpdGluZ3UmIzQ0OyByZWFsaXphY2UgV1dXIGEgRUVUIFBva2xhZG55IEtyaW5keVBpbmR5LmN6LA==;;;;;;;;;;;;;;;;;;;;;;;;;;;;;;;;
KRINDYPINDY;krindypindy;1564237220;;PGNlbnRlcj48aWZyYW1lIHNyYz0iaHR0cHM6Ly93d3cueW91dHViZS5jb20vZW1iZWQvSk5KREM0WC0zXzgiIHdpZHRoPSI1NjAiIGhlaWdodD0iMzE1IiBmcmFtZWJvcmRlcj0iMCIgYWxsb3dmdWxsc2NyZWVuPSJhbGxvd2Z1bGxzY3JlZW4iPjwvaWZyYW1lPjwvY2VudGVyPg==;;a3JpbmR5cGluZHktZWV0LXJlc2VuaS5wbmcs;;LCw=;cHJvamVjdC1jb2xvcjoscHJvamVjdC1kYXRlOixwcm9qZWN0LWNsaWVudDpEQURPSyxwcm9qZWN0LXNpdGU6d3d3LmtyaW5keXBpbmR5LmN6LHByb2plY3QtY2F0ZWdvcnk6L3d3dy1zdHJhbmt5LWFwbGlrYWNlLyxwcm9qZWN0LWNhdGVnb3J5Mjovd3d3LXN0cmFua3ktYXBsaWthY2UvLHByb2plY3QtZGVzY3JpcHRpb246QWJ5IG5hIFZhxaFlIEVFVCDDusSNdGVua3kgbmVieWx5IMW+w6FkbsOpIOKAnnBpbmR54oCdLiw=;;;;;;;;;;;;;;;;
JIŘÍ MARŠÍČEK;jiri-marsicek;1564219622;cz;;;amlyaW1hcnNpY2VrX3dlYi5qcGcsQ0QtRlJPTlQtMTEyMHg3NzMuanBnLENELUlOLTExMjB4Nzc5LmpwZw==;;LCw=;cHJvamVjdC1jb2xvcjoscHJvamVjdC1kYXRlOixwcm9qZWN0LWNsaWVudDpKacWZw60gTWFyxaHDrcSNZWsscHJvamVjdC1zaXRlOldXVy5KSVJJTUFSU0lDRUsuQ09NLHByb2plY3QtY2F0ZWdvcnk6L3d3dy1zdHJhbmt5LWFwbGlrYWNlLyxwcm9qZWN0LWRlc2NyaXB0aW9uOkJMVUVTJiM0NDsgR1VJVEFSJiM0NDsgVk9DQUxTLA==;;;;;;;;;;;;;;;;;;;;;;;;;;;;;;;;
SKETY;skety;1564219686;cz;PHA+PGlmcmFtZSBzcmM9Imh0dHBzOi8vd3d3LnlvdXR1YmUuY29tL2VtYmVkLzRtMXBpWEk4emd3IiB3aWR0aD0iNTYwIiBoZWlnaHQ9IjMxNSIgZnJhbWVib3JkZXI9IjAiIGFsbG93ZnVsbHNjcmVlbj0iYWxsb3dmdWxsc2NyZWVuIj48L2lmcmFtZT48L3A+;;c2tldHktY3oyLmpwZyxza2V0eS1jei5qcGc=;;LCw=;cHJvamVjdC1jb2xvcjoscHJvamVjdC1kYXRlOixwcm9qZWN0LWNsaWVudDpCQVRIUk9PTSBTLlIuTy4scHJvamVjdC1zaXRlOnd3dy5za2V0eS5jeixwcm9qZWN0LWNhdGVnb3J5Oi93d3ctc3RyYW5reS1hcGxpa2FjZS8scHJvamVjdC1kZXNjcmlwdGlvbjpKc21lIHZva8OhbG7DrSBodWRlYm7DrSBza3VwaW5hIHNsb8W+ZW7DoSB6IG1sYWTDvWNoIMSNZXNrw71jaCBqYXp6b3bDvWNoIHpwxJt2w6Frxa8gYSBtdXppa2FudMWvLiw=;;;;;;;;;;;;;;;;;;;;;;;;;;;;;;;;
MASÁŽE KAREL GIEBISCH;masaze-karel-giebisch;1517007600;;PHA+V2Vib3YmZWFjdXRlOyBwb3J0Zm9saW8gcyB2bml0xZluJmlhY3V0ZTttIHBva3JvxI1pbCZ5YWN1dGU7bSBvbmxpbmUgcmV6ZXJ2YcSNbiZpYWN1dGU7bSBzeXN0JmVhY3V0ZTttZW0gcHJvIGtsaWVudHkuIFJlemVydmHEjW4maWFjdXRlOyBzeXN0JmVhY3V0ZTttIHVwcmF2ZW4gcHJvIGNvIG5lamxlcCZzY2Fyb247JmlhY3V0ZTsgb3ZsJmFhY3V0ZTtkJmFhY3V0ZTtuJmlhY3V0ZTsgbmV2aWRvbSZpYWN1dGU7bSBzcHImYWFjdXRlO3ZjZW0gYWRtaW5pc3RyYcWZbiZpYWN1dGU7aG8gcm96aHJhbiZpYWN1dGU7LjwvcD4=;;bWFzYXplZ2llYmlzY2gtd2ViLnBuZyxtYXNhemVnaWViLmpwZyxtYXNhemVnaWVibG9nby0xMTIweDcxNy5qcGcs;;LCw=;cHJvamVjdC1jb2xvcjoscHJvamVjdC1kYXRlOixwcm9qZWN0LWNsaWVudDpLQVJFTCBHSUVCSVNDSCxwcm9qZWN0LXNpdGU6V1dXLk1BU0FaRUdJRUIuQ1oscHJvamVjdC1jYXRlZ29yeTovd3d3LXN0cmFua3ktYXBsaWthY2UvLHByb2plY3QtY2F0ZWdvcnkyOi93d3ctc3RyYW5reS1hcGxpa2FjZS8scHJvamVjdC1kZXNjcmlwdGlvbjpOZXZpZG9tw70gbWFzw6lyJiM0NDsgamVob8W+IHJ1Y2UgZMSbbGFqw60gesOhenJha3kuLA==;;;;;
METRO COMPANY;metro-company;1564219782;cz;;;bWV0cm9jb21wYW55LmpwZyxtZXRyb3N0b3JlMi5qcGc=;;LCw=;cHJvamVjdC1jb2xvcjoscHJvamVjdC1kYXRlOixwcm9qZWN0LWNsaWVudDpNZXRybyBDb21wYW55IHMuci5vLixwcm9qZWN0LXNpdGU6V1dXLk1FVFJPQ09NUEFOWS5DWixwcm9qZWN0LWNhdGVnb3J5Oi93d3ctc3RyYW5reS1hcGxpa2FjZS8scHJvamVjdC1kZXNjcmlwdGlvbjpKc21lIG9maWNpw6FsbsOtIGRpc3RyaWJ1dG/FmWkgc3bEm3RvdsO9Y2ggem5hxI1layBwcm8gxIxlc2tvdSBhIFNsb3ZlbnNrb3UgcmVwdWJsaWt1LiBOYWLDrXrDrW1lIGt2YWxpdG7DrSBlbGVrdHJvbmlrdSBzIHDFmcOtYsSbaGVtIGEgdG8gbmVqbGVwxaHDrSB6IGZhc2hpb24gc3bEm3RhLiw=;;;;;;;;;;;;;;;;;;;;;;;;;;;;;;;;
PARKING FLORENC;parking-florenc;1564219986;cz;;;MS0xLmpwZyxNb2NrdXBfcmFwX2xvZ28tMTEyMHg3MTcucG5n;;LCw=;cHJvamVjdC1jb2xvcjoscHJvamVjdC1kYXRlOixwcm9qZWN0LWNsaWVudDpQQVJLSU5HIEZMT1JFTkMgcy5yLm8uLHByb2plY3Qtc2l0ZToscHJvamVjdC1jYXRlZ29yeTovZmlyZW1uaS1pZGVudGl0YS8scHJvamVjdC1kZXNjcmlwdGlvbjpSZWFsaXphY2UgaWRlbnRpdHkgYSBCaWxsYm9hcmR1IHMgbmF2aWdhY8OtIHNtxJtydSBqw616ZHkgbmEgcGFya292acWhdMSbIHogTWFnaXN0csOhbHks;;;;;;;;;;;;;;;;;;;;;;;;;;;;;;;;
FAKTURY;faktury;1564236598;;PHA+UMWZZWpkxJt0ZSBuYSBqZWRub2R1Y2gmZWFjdXRlOyAmdWFjdXRlO8SNZXRuaWN0diZpYWN1dGU7ICZuZGFzaDsmbmJzcDtnZW5lcm92JmFhY3V0ZTtuJmlhY3V0ZTsgZmFrdHVyIE9OTElORS4gSmnFviDFviZhYWN1dGU7ZG4meWFjdXRlOyBuZXDFmWVobGVkbiZ5YWN1dGU7IEV4Y2VsIGEgaGxlZCZhYWN1dGU7biZpYWN1dGU7IHNvdWJvcsWvIHZlIFZhJnNjYXJvbjtlbSBwb8SNJmlhY3V0ZTt0YcSNaS4gVmEmc2Nhcm9uO2UgJnVhY3V0ZTvEjWV0bmljdHYmaWFjdXRlOyBqZSBrIGRpc3BvemljaSB2JnNjYXJvbjt1ZGUsIGtkZSBqZSBwxZkmaWFjdXRlO3N0dXAgbmEgaW50ZXJuZXQuIE3Em2p0ZSBwxZllaGxlZCBvIFZhJnNjYXJvbjtlbSAmdWFjdXRlO8SNZXRuaWN0diZpYWN1dGU7LCBuZWNodGUgc2kgem9icmF6aXQgcMWZZWhsZWRuJmVhY3V0ZTsgZ3JhZnkgYSBzdGF0aXN0aWt5IG8gVmEmc2Nhcm9uO2VtIGJ5em55c3UgYSBvIG9ubGluZSBwbGF0YiZhYWN1dGU7Y2ggVmEmc2Nhcm9uO2ljaCBrbGllbnTFryBzZSBuZWNodGUgbm90aWZpa292YXQgZS1tYWlsZW0uIDxiciAvPjxiciAvPlBsYXRieSBWYSZzY2Fyb247aWNoIGZha3R1ciBqc291IGsgZGlzcG96aWNpIHDFmWVzIHBsYXRlYm4maWFjdXRlOyBiciZhYWN1dGU7bnUgUGF5UGFsIGEgR29QYXkgaSBwb21vYyZpYWN1dGU7IFFSIGsmb2FjdXRlO2R1LiA8YnIgLz48YnIgLz5LdXBvdmF0IGFwbGlrYWNpIG3Fr8W+ZXRlIHYgbmEmc2Nhcm9uO2VtIDxhIGhyZWY9Imh0dHA6Ly93d3cuZGFkb2suY3ovb2JjaG9kLyI+ZS1zaG9wdTwvYT4uPC9wPg0KPHA+PGlmcmFtZSBzcmM9Imh0dHBzOi8vd3d3LnlvdXR1YmUuY29tL2VtYmVkL0sySVhwbkJLczdNIiB3aWR0aD0iNTYwIiBoZWlnaHQ9IjMxNSIgZnJhbWVib3JkZXI9IjAiIGFsbG93ZnVsbHNjcmVlbj0iYWxsb3dmdWxsc2NyZWVuIj48L2lmcmFtZT48L3A+;;;;LCw=;cHJvamVjdC1jb2xvcjoscHJvamVjdC1kYXRlOixwcm9qZWN0LWNsaWVudDpEQURPSyxwcm9qZWN0LXNpdGU6d3d3LmRhZG9rLmN6L2Zha3R1cnkvLHByb2plY3QtY2F0ZWdvcnk6L3d3dy1zdHJhbmt5LWFwbGlrYWNlLyxwcm9qZWN0LWNhdGVnb3J5Mjovd3d3LXN0cmFua3ktYXBsaWthY2UvLHByb2plY3QtZGVzY3JpcHRpb246QXBsaWthY2UgRmFrdHVyeSBqc291IHByxa9sb21lbSBtYWxvb2JjaG9kbsOtaG8gw7rEjWV0bmljdsOtLA==;;;;;;;;;;;;;;;;;;;;;;
ALA BAŠTA RESTAURACE;ala-basta-restaurace;1564224847;;PHA+PGlmcmFtZSBzcmM9Imh0dHBzOi8vd3d3Lmdvb2dsZS5jb20vbWFwcy9lbWJlZD9wYj0hMW0wITNtMiExc2NzITJzY3ohNHYxNDQ1NjM2ODI5MzAzITZtOCExbTchMXNsTHhTUzdFWXQzQUFBQVFuN3pLTkh3ITJtMiExZDUwLjE1MjM1OTYhMmQxNC42MTQyNDYzITNmMTkuMzYhNGYwITVmMC43ODIwODY1OTc0NjI3NDY5IiB3aWR0aD0iMTAyMiIgaGVpZ2h0PSI1MjIiIHNjcm9sbGluZz0ibm8iIHNlYW1sZXNzPSJzZWFtbGVzcyIgYWxsb3dmdWxsc2NyZWVuPSJhbGxvd2Z1bGxzY3JlZW4iPjwvaWZyYW1lPjwvcD4=;;QWxhYmFzdGFBbmktOTg0OS0xMDI0eDY4Mi5qcGcsQWxhYmFzdGFBbmktOTg2My0xMDI0eDY4Mi5qcGcsQWxhYmFzdGFBbmktOTg2NS0xMDI0eDY4Mi5qcGcsQWxhYmFzdGFBbmktOTg2OS0xMDI0eDY4Mi5qcGcsQWxhYmFzdGFBbmktOTg4MS0xMDI0eDY4Mi5qcGcsQWxhYmFzdGFBbmktOTg4Mi0xMDI0eDY4Mi5qcGcs;;LCw=;cHJvamVjdC1jb2xvcjoscHJvamVjdC1kYXRlOixwcm9qZWN0LWNsaWVudDpBTEEgQkHFoFRBLHByb2plY3Qtc2l0ZToscHJvamVjdC1jYXRlZ29yeTovdmlydHVhbG5pLXByb2hsaWRreS8scHJvamVjdC1jYXRlZ29yeTI6L3ZpcnR1YWxuaS1wcm9obGlka3kvLHByb2plY3QtZGVzY3JpcHRpb246VmlydHXDoWxuw60gcHJvaGzDrWRrYSByZXN0YXVyYWNlLiBLIGRpc3BvemljaSB0YWvDqSB2IEdvb2dsZSBTdHJlZXQgTWFwcy4gS3ZhbGl0YSBIRFIuLA==;;;;;;;;;;;;;;;;;;;;;;;;
IKOLONIÁL;ikolonial;1564220261;cz;;;aWtvbG9uaWFsd2ViLmpwZw==;;LCw=;cHJvamVjdC1jb2xvcjoscHJvamVjdC1kYXRlOixwcm9qZWN0LWNsaWVudDpKYW4gU3JwLHByb2plY3Qtc2l0ZTpXV1cuSUtPTE9OSUFMLkNaLHByb2plY3QtY2F0ZWdvcnk6L3d3dy1zdHJhbmt5LWFwbGlrYWNlLyxwcm9qZWN0LWRlc2NyaXB0aW9uOsSMZXJzdHbDqSBhIGt2YWxpdG7DrSBwb3RyYXZpbnks;;;;;;;;;;;;;;;;;;;;;;;;;;;;;;;;
GOLFISTA ROKU;golfista-roku;1564220301;cz;;;MTE3NTQ2NThfOTE4MDY0MjkxNTYzMTIzXzQwNDY2MjY0Njg0NzExNzcxOTdfby0yLnBuZw==;;LCw=;cHJvamVjdC1jb2xvcjoscHJvamVjdC1kYXRlOixwcm9qZWN0LWNsaWVudDpKYW4gSHJ1YmXFoSxwcm9qZWN0LXNpdGU6V1dXLkdPTEZJU1RBUk9LVS5DWixwcm9qZWN0LWNhdGVnb3J5Oi93d3ctc3RyYW5reS1hcGxpa2FjZS8scHJvamVjdC1kZXNjcmlwdGlvbjos;;;;;;;;;;;;;;;;;;;;;;;;;;;;;;;;
BOHEMIAN TONUP;bohemian-tonup;1564220338;cz;;;MTkyMTIwNF85MTgwNjU0OTQ4OTYzMzZfMTc3MTI0MzkzNjg4MDA3MDg5MV9vLTItMTEyMHg4NDAucG5n;;LCw=;cHJvamVjdC1jb2xvcjoscHJvamVjdC1kYXRlOixwcm9qZWN0LWNsaWVudDpHSVVMSU8gREUgQkxBU0lPLHByb2plY3Qtc2l0ZTpXV1cuQk9IRU1JQU5UT05VUC5DWixwcm9qZWN0LWNhdGVnb3J5Oi93d3ctc3RyYW5reS1hcGxpa2FjZS8scHJvamVjdC1kZXNjcmlwdGlvbjos;;;;;;;;;;;;;;;;;;;;;;;;;;;;;;;;
ADAM NOVÁK;adam-novak;1564220371;cz;;;aW1hYzItMTEyMHg4NDAucG5nLGltYWMxLTExMjB4ODQwLnBuZw==;;LCw=;cHJvamVjdC1jb2xvcjoscHJvamVjdC1kYXRlOixwcm9qZWN0LWNsaWVudDpBZGFtIE5vdsOhayxwcm9qZWN0LXNpdGU6V1dXLkFEQU1NQUxCWS5DWixwcm9qZWN0LWNhdGVnb3J5Oi93d3ctc3RyYW5reS1hcGxpa2FjZS8scHJvamVjdC1kZXNjcmlwdGlvbjos;;;;;;;;;;;;;;;;;;;;;;;;;;;;;;;;
CODERISTA;coderista;1564220421;cz;;;Y29kZXJpc3Rhd2ViLnBuZw==;;LCw=;cHJvamVjdC1jb2xvcjoscHJvamVjdC1kYXRlOixwcm9qZWN0LWNsaWVudDpEQURPSyxwcm9qZWN0LXNpdGU6LHByb2plY3QtY2F0ZWdvcnk6L3d3dy1zdHJhbmt5LWFwbGlrYWNlLyxwcm9qZWN0LWRlc2NyaXB0aW9uOlogVmHFoWVobyBuw6F2cmh1IHdlYmRlc2lnbnUgLSBkb2tvbmFsw70gcmVzcG9uc2l2bsOtIEhUTUw1IGxheW91dC4gSyBkaXNwb3ppY2kganNvdSBqYXp5a292w6kgbXV0YWNlIHYgxI3DrW7FoXRpbsSbJiM0NDsgYW5nbGnEjXRpbsSbIGkgbsSbbcSNaW7Emy4s;;;;;;;;;;;;;;;;;;;;;;;;;;;;;;;;
DOBRÉ ŽALUZIE;dobre-zaluzie;1564220458;cz;;;ZG9icmV6YWx1emllLmpwZw==;;LCw=;cHJvamVjdC1jb2xvcjoscHJvamVjdC1kYXRlOixwcm9qZWN0LWNsaWVudDpTZW5hZCDEjG9yacSNLHByb2plY3Qtc2l0ZTpXV1cuRE9CUkUtWkFMVVpJRS5DWixwcm9qZWN0LWNhdGVnb3J5Oi93d3ctc3RyYW5reS1hcGxpa2FjZS8scHJvamVjdC1kZXNjcmlwdGlvbjpKZWRuacSNa2EgdiBvYm9ydSBzdMOtbsOtY8OtIHRlY2huaWt5Liw=;;;;;;;;;;;;;;;;;;;;;;;;;;;;;;;;
IPHONEFOTO;iphonefoto;1564220548;cz;PHA+PGlmcmFtZSBzcmM9Imh0dHBzOi8vd3d3LnlvdXR1YmUuY29tL2VtYmVkLzMzbjZxczBsR2pRIiB3aWR0aD0iNTYwIiBoZWlnaHQ9IjMxNSIgZnJhbWVib3JkZXI9IjAiIGFsbG93ZnVsbHNjcmVlbj0iYWxsb3dmdWxsc2NyZWVuIj48L2lmcmFtZT4gPGlmcmFtZSBzcmM9Imh0dHBzOi8vd3d3LnlvdXR1YmUuY29tL2VtYmVkLy1KVWdlZDNac3ZRIiB3aWR0aD0iNTYwIiBoZWlnaHQ9IjMxNSIgZnJhbWVib3JkZXI9IjAiIGFsbG93ZnVsbHNjcmVlbj0iYWxsb3dmdWxsc2NyZWVuIj48L2lmcmFtZT4gPGlmcmFtZSBzcmM9Imh0dHBzOi8vd3d3LnlvdXR1YmUuY29tL2VtYmVkL0NxNkY4aC1wby1JIiB3aWR0aD0iNTYwIiBoZWlnaHQ9IjMxNSIgZnJhbWVib3JkZXI9IjAiIGFsbG93ZnVsbHNjcmVlbj0iYWxsb3dmdWxsc2NyZWVuIj48L2lmcmFtZT4gPGlmcmFtZSBzcmM9Imh0dHBzOi8vd3d3LnlvdXR1YmUuY29tL2VtYmVkLzlNS3ZRN3Ffd0hJIiB3aWR0aD0iNTYwIiBoZWlnaHQ9IjMxNSIgZnJhbWVib3JkZXI9IjAiIGFsbG93ZnVsbHNjcmVlbj0iYWxsb3dmdWxsc2NyZWVuIj48L2lmcmFtZT48L3A+;;d2ViMi0xMTIweDg0MC5wbmcsd2ViMS0xMTIweDg0MC5wbmc=;;LCw=;cHJvamVjdC1jb2xvcjoscHJvamVjdC1kYXRlOixwcm9qZWN0LWNsaWVudDpUb23DocWhIFRlc2HFmSxwcm9qZWN0LXNpdGU6V1dXLklQSE9ORUZPVE8uQ1oscHJvamVjdC1jYXRlZ29yeTovd3d3LXN0cmFua3ktYXBsaWthY2UvLHByb2plY3QtZGVzY3JpcHRpb246TyBGT1RPR1JBRk9Ww4FOw40gSVBIT05FTSYjNDQ7IEFQTElLQUPDjUNIJiM0NDsgUMWYw41TTFXFoEVOU1RWw40gQSBNT0JJTE7DjSBGT1RPR1JBRklJ4oCmLA==;;;;;;;;;;;;;;;;;;;;;;;;;;;;;;;;
THE ART SHOP;the-art-shop;1564264800;;;;d2ViMi0xMTIweDg0MC5wbmcsd2ViLTExMjB4ODQwLnBuZyxhcnRzaG9wbG9nbzEtMTEyMHg4MTcucG5nLGFydHNob3Bsb2dvMi0xMTIweDgxNy5wbmcs;;LCw=;cHJvamVjdC1jb2xvcjoscHJvamVjdC1kYXRlOixwcm9qZWN0LWNsaWVudDpBREFNIEtMRcSMS0EscHJvamVjdC1zaXRlOldXVy5USEVBUlRTSE9QLkNaLHByb2plY3QtY2F0ZWdvcnk6L3d3dy1zdHJhbmt5LWFwbGlrYWNlLyxwcm9qZWN0LWNhdGVnb3J5Mjovd3d3LXN0cmFua3ktYXBsaWthY2UvLHByb2plY3QtZGVzY3JpcHRpb246TmFiw616w61tZSBwb3V6ZSBvcmlnaW7DoWwuIEt1cHRlIHNpIG9icmF6JiM0NDsgamXFviBidWRldGUgbcOtdCBqZW4gVnkhLA==;;;;;;
AUTODÍLY NEJLEVNĚJŠÍ;autodily-nejlevnejsi;1564220663;cz;;;bG9nbzMtMTEyMHg3MjgucG5nLDctMTEyMHg3NDcucG5nLHdlYmF1dG9kaWx5bmVqbGV2bmVqc2ktMTEyMHg4NDAucG5n;;LCw=;cHJvamVjdC1jb2xvcjoscHJvamVjdC1kYXRlOixwcm9qZWN0LWNsaWVudDpNQVRFWSBESU1JVFJPVixwcm9qZWN0LXNpdGU6LHByb2plY3QtY2F0ZWdvcnk6L3d3dy1zdHJhbmt5LWFwbGlrYWNlLyxwcm9qZWN0LWRlc2NyaXB0aW9uOlByb2RlamNlIGF1dG9kw61sxa8s;;;;;;;;;;;;;;;;;;;;;;;;;;;;;;;;
ZTA MAREAL;zta-mareal;1564224687;;;;bG9nbzItMTEyMHg3MjgucG5nLA==;;LCw=;cHJvamVjdC1jb2xvcjoscHJvamVjdC1kYXRlOixwcm9qZWN0LWNsaWVudDpWTEFESU3DjVJBIEpPS0XFoE9Ww4EscHJvamVjdC1zaXRlOixwcm9qZWN0LWNhdGVnb3J5Oi93d3ctc3RyYW5reS1hcGxpa2FjZS8scHJvamVjdC1jYXRlZ29yeTI6L2ZpcmVtbmktaWRlbnRpdGEvLHByb2plY3QtZGVzY3JpcHRpb246LA==;;;;;;;;;;;;;;;;;;;;;;;;;;;
SEXYMAMAS;sexymamas;1564220746;cz;PHA+PGlmcmFtZSBzcmM9Imh0dHBzOi8vd3d3LnlvdXR1YmUuY29tL2VtYmVkL2I0NGpKMlVZT2ZzIiB3aWR0aD0iNTYwIiBoZWlnaHQ9IjMxNSIgZnJhbWVib3JkZXI9IjAiIGFsbG93ZnVsbHNjcmVlbj0iYWxsb3dmdWxsc2NyZWVuIj48L2lmcmFtZT48L3A+;;d2ViLXNleHltYW1hcy0xMTIweDg0MC5wbmc=;;LCw=;cHJvamVjdC1jb2xvcjoscHJvamVjdC1kYXRlOixwcm9qZWN0LWNsaWVudDpJVkEgSFVOxIxPVsOBLHByb2plY3Qtc2l0ZTpXV1cuU0VYWU1BTUFTLkNaLHByb2plY3QtY2F0ZWdvcnk6L3d3dy1zdHJhbmt5LWFwbGlrYWNlLyxwcm9qZWN0LWRlc2NyaXB0aW9uOkthxb5kw6EganNtZSDDunBsbsSbIGppbsOhJiM0NDsgYWxlIHbFoWVjaG55IHNlIHNuYcW+w61tZSBvIGplZG5vIOKAkyBiw710IGNvIG5lamxlcMWhw61taSBtYXRrYW1pJiM0NDsgbmV6YmzDoXpuaXQgc2UgeiB0b2hvIGEgamXFoXTEmyBzaSB0byB1xb7DrXQuIFBvasSPbWUgc2UgdGVkeSB2esOhamVtbsSbIHBvZHLFvmV0JiM0NDsgc2TDrWxldCB6a3XFoWVub3N0aSYjNDQ7IHXFvml0ZcSNbsOpIHJhZHkgYSB0aXB5LiBQb2rEj21lIHNpIHDFmWVkw6F2YXQgdHJpa3kgbmEga29zbWV0aWNrw6kgdnljaHl0w6F2a3kmIzQ0OyByZWZlcmVuY2UgbyBtw61zdGVjaCYjNDQ7IGtkZSBuw6FtIGJ5bG8gZG9ixZllIGEgZGFsxaHDrSBjZW5uw6kgaW5mb3JtYWNlISw=;;;;;;;;;;;;;;;;;;;;;;;;;;;;;;;;
CONTOURS ;contours;1564224776;;;;Mzg4ODU5XzE3NzcxNzgzMjMyNDIyMF8xNTk3NTEzODQxMjA4NjVfMzIyNTI5XzE5NTc5OTYzMV9uLmpwZywzODM4ODZfMTc3NzE3NjQ1NjU3NTcyXzE1OTc1MTM4NDEyMDg2NV8zMjI1MjJfMTQ0ODg4NTQ3NV9uLmpwZywzNzcyOTJfMTc3NzE3NzI1NjU3NTY0XzE1OTc1MTM4NDEyMDg2NV8zMjI1MjVfMTQxNjIxMDgzOF9uLmpwZywyMDExXzEwMjUwMDc1LmpwZyw=;;LCw=;cHJvamVjdC1jb2xvcjoscHJvamVjdC1kYXRlOixwcm9qZWN0LWNsaWVudDpDT05UT1VSUyBGSVRORVNTIFDFmEVST1YscHJvamVjdC1zaXRlOixwcm9qZWN0LWNhdGVnb3J5Oi9pbnRlcmllci1leHRlcmllci1kZXNpZ24vLHByb2plY3QtY2F0ZWdvcnkyOi9maXJlbW5pLWlkZW50aXRhLyxwcm9qZWN0LWRlc2NyaXB0aW9uOiw=;;;;;;;;;;;;;;;;;;;;;;;;;;
TARTARUGUINHA;tartaruguinha;1564220923;cz;;;d2ViLWhwLTExMjB4ODQwLnBuZyx3ZWItZmItY29udGVzdC0xMTIweDg0MC5wbmcsemVsdnkyLTExMjB4NjAzLnBuZyx6ZWx2eTEtMTEyMHg2MDMucG5nLHRhcnRhcnVndWluaGEtdml6aXRreS1tb2NrdXAtMTEyMHg4NDAucG5nLDQtMTEyMHg3NzkucG5nLDMtMTEyMHg3NzkucG5nLDEtMTEyMHg3NzkucG5nLDItMTEyMHg3NzkucG5n;;LCw=;cHJvamVjdC1jb2xvcjoscHJvamVjdC1kYXRlOixwcm9qZWN0LWNsaWVudDpUQVJUQVJVR1VJTkhBIFMuUi5PLixwcm9qZWN0LXNpdGU6V1dXLlRBUlRBUlVHVUlOSEEuQ09NLHByb2plY3QtY2F0ZWdvcnk6L3d3dy1zdHJhbmt5LWFwbGlrYWNlLyxwcm9qZWN0LWRlc2NyaXB0aW9uOkluemVydG7DrSBhIGF1a8SNbsOtIHNlcnZlciBzIGTEm3Rza8O9bSB6Ym/FvsOtbSw=;;;;;;;;;;;;;;;;;;;;;;;;;;;;;;;;
VÍTEJTE V OBJECTIVE-C KNIHA;vitejte-v-objective-c-kniha;1564224789;;;;dml6aXRreTEtMTEyMHg3NDcucG5nLHdlYi1wb3J0Zm9saW8tb2JqZWN0aXZlYy0xMTIweDg0MC5wbmcsMDQxLTExMjB4ODE0LmpwZywzMS0xMTIweDc0Ny5qcGcsMi0xMTIweDc3MC5qcGcs;;LCw=;cHJvamVjdC1jb2xvcjoscHJvamVjdC1kYXRlOixwcm9qZWN0LWNsaWVudDpEQURPSyAtIEdsb2JhbCBJbnRlcm5ldCBTb2x1dGlvbnMscHJvamVjdC1zaXRlOldXVy5PQkpFQ1RJVkUtQy5DWixwcm9qZWN0LWNhdGVnb3J5Oi93d3ctc3RyYW5reS1hcGxpa2FjZS8scHJvamVjdC1jYXRlZ29yeTI6L2tuaWhhLyxwcm9qZWN0LWRlc2NyaXB0aW9uOk5hdcSNdGUgc2Ugdnlyw6FixJt0IGFwbGlrYWNlIHBybyB2xaFlY2hueSB6YcWZw616ZW7DrSBvZCBBcHBsZSAtIGlQYWQmIzQ0OyBpUGhvbmUgYSBNYWNPU1guIFJ5Y2hsZSBhIGplZG5vZHXFoWUuIFBybyDDunBsbsOpIHBvxI3DrXRhxI1vdsOpIGxhaWt5IGkgcG9rcm/EjWlsw6kuLA==;;;;;;;;;;;;;;;;;;;;;;;;;
KURZUJ;kurzuj;1564236700;;;;dml6aXRreS0xMTIweDc0Ny5wbmcsa3VyenVqLWRldGFpbC5wbmcsa3VyenVqLWhwLnBuZw==;;LCw=;cHJvamVjdC1jb2xvcjoscHJvamVjdC1kYXRlOixwcm9qZWN0LWNsaWVudDpKQUtVQiBQRVRFUixwcm9qZWN0LXNpdGU6V1dXLktVUlpVSi5DWixwcm9qZWN0LWNhdGVnb3J5Oi93d3ctc3RyYW5reS1hcGxpa2FjZS8scHJvamVjdC1jYXRlZ29yeTI6L3d3dy1zdHJhbmt5LWFwbGlrYWNlLyxwcm9qZWN0LWRlc2NyaXB0aW9uOkt1cnp1ai5jeiBqZSDEjWVza8O9bSBpbnRlcm5ldG92w71tIHBvcnTDoWxlbSBzIGt1cnp5LiBUw71tIHrDoWthem5pY2vDqSBwb2Rwb3J5IGRlbm7EmyB6cHJhY292w6F2w6EgcG/FvmFkYXZreSBkb2RhdmF0ZWzFryBpIHrDoWplbWPFryBvIGt1cnp5Liw=;;;;;;;;;;;;;;;;;;;;;
ROOKS SQUAD;rooks-squad;1532671200;;PHA+PGlmcmFtZSBzcmM9Imh0dHBzOi8vd3d3LnlvdXR1YmUuY29tL2VtYmVkL2xzMlBpUkY4R2pnIiB3aWR0aD0iNTYwIiBoZWlnaHQ9IjMxNSIgZnJhbWVib3JkZXI9IjAiIGFsbG93ZnVsbHNjcmVlbj0iYWxsb3dmdWxsc2NyZWVuIj48L2lmcmFtZT48L3A+;;cmtzcWQucG5nLDI2NDg4Nzc0Ny0xMTIweDE0OTMuanBnLGhhdDQtMTEyMHg4NzYuanBnLGhhdDEtMTEyMHg4NzYuanBnLGhhdDItMTEyMHg4NzYuanBnLGhhdDMtMTEyMHg4NzYuanBnLHNxdWFkNC0xMTIweDc1OC5qcGcsc3F1YWQxLTExMjB4NzU4LmpwZyxzcXVhZDItMTEyMHg3NTguanBnLHNxdWFkMzExMjB4NzU4LmpwZyw=;;LCw=;cHJvamVjdC1jb2xvcjoscHJvamVjdC1kYXRlOixwcm9qZWN0LWNsaWVudDpXYWtvLHByb2plY3Qtc2l0ZTp3d3cucmtzcWQuY3oscHJvamVjdC1jYXRlZ29yeTovd3d3LXN0cmFua3ktYXBsaWthY2UvLHByb2plY3QtY2F0ZWdvcnkyOi93d3ctc3RyYW5reS1hcGxpa2FjZS8scHJvamVjdC1kZXNjcmlwdGlvbjpXYWtvIHogaGF2cmFuw60gZm9ybWFjZSBSb29rcyBTcXVhZCBuw6FtIHN2xJvFmWlsIG7DoXZyaCBub3bDvWNoIMSNZXBpYyBhIGxvZ290eXB1Liw=;;;;;;;;
